Id,ActivityDate,TotalSteps,TotalDistance,TotalModTime,LoggedActivitiesDistance,VeryActiveDistance,ModeratelyActiveDistance,LightActiveDistance,SedentaryActiveDistance,VeryActiveMinutes,FairlyActiveMinutes,LightlyActiveMinutes,SedentaryMinutes,Calories
1503960366,4/12/2016,13162,8.5,38,0.0,1.879999995,0.550000012,6.059999943,0.0,25,13,328,728,1985
1503960366,4/13/2016,10735,6.96999979,40,0.0,1.570000052,0.689999998,4.710000038,0.0,21,19,217,776,1797
1503960366,4/14/2016,10460,6.739999771,41,0.0,2.440000057,0.400000006,3.910000086,0.0,30,11,181,1218,1776
1503960366,4/15/2016,9762,6.28000021,63,0.0,2.140000105,1.25999999,2.829999924,0.0,29,34,209,726,1745
1503960366,4/16/2016,12669,8.159999847,46,0.0,2.710000038,0.409999996,5.039999962,0.0,36,10,221,773,1863
1503960366,4/17/2016,9705,6.480000019,58,0.0,3.190000057,0.779999971,2.50999999,0.0,38,20,164,539,1728
1503960366,4/18/2016,13019,8.590000153,58,0.0,3.25,0.639999986,4.710000038,0.0,42,16,233,1149,1921
1503960366,4/19/2016,15506,9.880000114,81,0.0,3.529999971,1.320000052,5.03000021,0.0,50,31,264,775,2035
1503960366,4/20/2016,10544,6.679999828,40,0.0,1.960000038,0.479999989,4.239999771,0.0,28,12,205,818,1786
1503960366,4/21/2016,9819,6.340000153,27,0.0,1.340000033,0.349999994,4.650000095,0.0,19,8,211,838,1775
1503960366,4/22/2016,12764,8.130000114,93,0.0,4.760000229,1.120000005,2.24000001,0.0,66,27,130,1217,1827
1503960366,4/23/2016,14371,9.039999962,62,0.0,2.809999943,0.870000005,5.360000134,0.0,41,21,262,732,1949
1503960366,4/24/2016,10039,6.409999847,44,0.0,2.920000076,0.209999993,3.279999971,0.0,39,5,238,709,1788
1503960366,4/26/2016,13755,8.789999962,54,0.0,2.329999924,0.920000017,5.539999962,0.0,31,23,279,833,1970
1503960366,4/28/2016,13154,8.529999733,76,0.0,3.539999962,1.159999967,3.789999962,0.0,48,28,189,782,1898
1503960366,4/30/2016,14673,9.25,86,0.0,3.559999943,1.419999957,4.269999981,0.0,52,34,217,712,1947
1503960366,5/1/2016,10602,6.809999943,68,0.0,2.289999962,1.600000024,2.920000076,0.0,33,35,246,730,1820
1503960366,5/2/2016,14727,9.710000038,56,0.0,3.210000038,0.569999993,5.920000076,0.0,41,15,277,798,2004
1503960366,5/3/2016,15103,9.659999847,74,0.0,3.730000019,1.049999952,4.880000114,0.0,50,24,254,816,1990
1503960366,5/4/2016,11100,7.150000095,58,0.0,2.460000038,0.870000005,3.819999933,0.0,36,22,203,1179,1819
1503960366,5/5/2016,14070,8.899999619,69,0.0,2.920000076,1.080000043,4.880000114,0.0,45,24,250,857,1959
1503960366,5/6/2016,12159,8.029999733,30,0.0,1.970000029,0.25,5.809999943,0.0,24,6,289,754,1896
1503960366,5/8/2016,10060,6.579999924,52,0.0,3.529999971,0.319999993,2.730000019,0.0,44,8,203,574,1740
1503960366,5/9/2016,12022,7.71999979,57,0.0,3.450000048,0.529999971,3.74000001,0.0,46,11,206,835,1819
1503960366,5/10/2016,12207,7.769999981,77,0.0,3.349999905,1.159999967,3.25999999,0.0,46,31,214,746,1859
1503960366,5/11/2016,12770,8.130000114,59,0.0,2.559999943,1.00999999,4.550000191,0.0,36,23,251,669,1783
1624580081,4/24/2016,6076,3.950000048,34,0.0,1.149999976,0.910000026,1.889999986,0.0,16,18,185,1221,1617
1624580081,4/27/2016,8367,5.440000057,53,0.0,1.110000014,1.870000005,2.460000038,0.0,17,36,154,1233,1670
1624580081,5/2/2016,7155,4.929999828,13,0.0,0.860000014,0.589999974,3.470000029,0.0,7,6,166,1261,1497
1644430081,4/13/2016,8001,5.820000172,46,0.0,2.279999971,0.899999976,2.640000105,0.0,30,16,135,1259,2902
1644430081,4/15/2016,5263,3.829999924,7,0.0,0.219999999,0.150000006,3.450000048,0.0,3,4,170,1263,2750
1644430081,4/16/2016,15300,11.11999989,93,0.0,4.099999905,1.879999995,5.090000153,0.0,51,42,212,1135,3493
1644430081,4/17/2016,8757,6.369999886,42,0.0,2.25,0.569999993,3.549999952,0.0,29,13,186,1212,3011
1644430081,4/18/2016,7132,5.190000057,48,0.0,1.070000052,1.669999957,2.450000048,0.0,15,33,121,1271,2806
1644430081,4/26/2016,9919,7.210000038,52,0.0,0.800000012,1.720000029,4.690000057,0.0,11,41,223,1165,3123
1644430081,5/1/2016,6132,4.460000038,27,0.0,0.239999995,0.99000001,3.230000019,0.0,3,24,146,908,2696
1844505072,4/21/2016,8054,5.320000172,15,0.0,0.119999997,0.519999981,4.679999828,0.0,2,13,308,1117,2062
1927972279,5/2/2016,3790,2.619999886,24,0.0,1.159999967,0.300000012,1.159999967,0.0,16,8,94,1322,2505
1927972279,5/3/2016,1326,0.920000017,10,0.0,0.730000019,0.0,0.180000007,0.0,10,0,17,1413,2195
2022484408,4/12/2016,11875,8.340000153,56,0.0,3.309999943,0.769999981,4.260000229,0.0,42,14,227,1157,2390
2022484408,4/13/2016,12024,8.5,48,0.0,2.99000001,0.100000001,5.409999847,0.0,43,5,292,1100,2601
2022484408,4/14/2016,10690,7.5,35,0.0,2.480000019,0.209999993,4.820000172,0.0,32,3,257,1148,2312
2022484408,4/15/2016,11034,8.029999733,36,0.0,1.940000057,0.310000002,5.78000021,0.0,27,9,282,1122,2525
2022484408,4/16/2016,10100,7.090000153,52,0.0,3.150000095,0.550000012,3.390000105,0.0,41,11,151,1237,2177
2022484408,4/17/2016,15112,11.39999962,57,0.0,3.869999886,0.660000026,6.880000114,0.0,28,29,331,1052,2782
2022484408,4/18/2016,14131,10.06999969,51,0.0,3.640000105,0.119999997,6.300000191,0.0,48,3,311,1078,2770
2022484408,4/19/2016,11548,8.529999733,38,0.0,3.289999962,0.239999995,5.0,0.0,31,7,250,1152,2489
2022484408,4/22/2016,12954,9.329999924,62,0.0,4.429999828,0.419999987,4.46999979,0.0,52,10,273,1105,2638
2022484408,4/24/2016,13481,10.27999973,63,0.0,4.550000191,1.149999976,4.579999924,0.0,37,26,216,1161,2529
2022484408,4/25/2016,11369,8.010000229,52,0.0,3.329999924,0.219999999,4.460000038,0.0,44,8,217,1171,2470
2022484408,4/26/2016,10119,7.190000057,79,0.0,1.429999948,0.660000026,5.110000134,0.0,55,24,275,1086,2793
2022484408,4/27/2016,10159,7.130000114,39,0.0,1.039999962,0.970000029,5.119999886,0.0,19,20,282,1119,2463
2022484408,4/28/2016,10140,7.119999886,26,0.0,0.409999996,1.330000043,5.389999866,0.0,6,20,291,1123,2296
2022484408,4/29/2016,10245,7.190000057,61,0.0,0.479999989,1.210000038,5.5,0.0,21,40,281,1098,2611
2022484408,5/1/2016,10538,7.400000095,53,0.0,1.940000057,0.959999979,4.5,0.0,25,28,245,1142,2380
2022484408,5/2/2016,10379,7.289999962,44,0.0,2.609999895,0.340000004,4.329999924,0.0,36,8,277,1119,2473
2022484408,5/3/2016,12183,8.739999771,86,0.0,3.99000001,0.460000008,4.28000021,0.0,72,14,250,1104,2752
2022484408,5/4/2016,11768,8.289999962,63,0.0,2.50999999,0.930000007,4.849999905,0.0,36,27,272,1105,2649
2022484408,5/6/2016,10227,7.179999828,41,0.0,1.870000005,0.670000017,4.639999866,0.0,24,17,295,1104,2498
2022484408,5/7/2016,6708,4.710000038,22,0.0,1.610000014,0.079999998,3.019999981,0.0,20,2,149,1269,1995
2022484408,5/9/2016,13379,9.390000343,82,0.0,2.119999886,1.629999995,5.639999866,0.0,35,47,297,1061,2709
2022484408,5/10/2016,12798,8.979999542,85,0.0,2.220000029,1.210000038,5.559999943,0.0,57,28,271,1084,2797
2022484408,5/11/2016,13272,9.319999695,83,0.0,4.179999828,1.149999976,3.99000001,0.0,58,25,224,1133,2544
2022484408,5/12/2016,9117,6.409999847,32,0.0,1.279999971,0.670000017,4.440000057,0.0,16,16,236,728,1853
2026352035,4/12/2016,4414,2.74000001,11,0.0,0.189999998,0.349999994,2.200000048,0.0,3,8,181,706,1459
2320127002,4/12/2016,10725,7.489999771,22,0.0,1.169999957,0.310000002,6.010000229,0.0,13,9,306,1112,2124
2320127002,4/25/2016,3588,2.420000076,8,0.0,0.230000004,0.200000003,1.99000001,0.0,3,5,152,1280,1654
2320127002,5/3/2016,7443,5.019999981,30,0.0,1.49000001,0.370000005,3.160000086,0.0,20,10,206,1204,1878
2347167796,4/12/2016,10113,6.829999924,41,0.0,2.0,0.620000005,4.199999809,0.0,28,13,320,964,2344
2347167796,4/13/2016,10352,7.010000229,51,0.0,1.659999967,1.940000057,3.410000086,0.0,19,32,195,676,2038
2347167796,4/18/2016,8247,5.449999809,27,0.0,0.790000021,0.860000014,3.789999962,0.0,11,16,206,678,1944
2347167796,4/21/2016,10080,6.75,49,0.0,1.850000024,1.529999971,3.380000114,0.0,23,26,208,761,2048
2347167796,4/22/2016,7804,5.159999847,36,0.0,0.560000002,1.679999948,2.920000076,0.0,9,27,206,781,1946
2347167796,4/23/2016,16901,11.36999989,67,0.0,2.779999971,1.450000048,7.150000095,0.0,32,35,360,591,2629
2347167796,4/25/2016,9482,6.380000114,26,0.0,1.269999981,0.519999981,4.599999905,0.0,15,11,277,653,2095
2347167796,4/27/2016,11423,7.579999924,35,0.0,1.860000014,0.400000006,5.320000172,0.0,26,9,295,623,2194
2873212765,4/12/2016,8796,5.909999847,23,0.0,0.109999999,0.930000007,4.880000114,0.0,2,21,356,1061,1982
2873212765,4/24/2016,6873,4.679999828,47,0.0,3.0,0.059999999,1.620000005,0.0,46,1,190,1203,1898
2873212765,4/26/2016,8242,5.539999962,7,0.0,0.119999997,0.180000007,5.239999771,0.0,2,5,309,1124,1882
2873212765,4/28/2016,7913,5.409999847,35,0.0,2.160000086,0.340000004,2.910000086,0.0,28,7,213,1192,1835
2873212765,4/29/2016,7365,4.949999809,43,0.0,1.360000014,1.409999967,2.180000067,0.0,20,23,206,1191,1780
2873212765,5/1/2016,7399,4.96999979,25,0.0,0.49000001,1.039999962,3.440000057,0.0,7,18,196,1219,1739
2873212765,5/5/2016,8314,5.610000134,36,0.0,0.779999971,0.800000012,4.03000021,0.0,13,23,311,1093,1971
2873212765,5/7/2016,4940,3.380000114,86,0.0,2.279999971,0.550000012,0.550000012,0.0,75,11,52,1302,1897
2873212765,5/8/2016,8168,5.539999962,46,0.0,2.900000095,0.0,2.640000105,0.0,46,0,326,1068,2096
3372868164,4/18/2016,6798,4.639999866,27,0.0,1.080000043,0.200000003,3.349999905,0.0,20,7,343,1070,2014
3372868164,4/23/2016,7396,5.070000172,22,0.0,1.399999976,0.079999998,3.579999924,0.0,20,2,303,1115,1995
3977333714,4/12/2016,8856,5.980000019,63,0.0,3.059999943,0.910000026,2.00999999,0.0,44,19,131,777,1450
3977333714,4/14/2016,7641,5.110000134,28,0.0,0.319999993,0.970000029,3.819999933,0.0,5,23,214,801,1433
3977333714,4/15/2016,9010,6.059999943,57,0.0,1.049999952,1.75,3.25999999,0.0,15,42,183,644,1468
3977333714,4/22/2016,8911,5.960000038,45,0.0,2.329999924,0.579999983,3.059999943,0.0,33,12,188,731,1481
3977333714,4/29/2016,10645,7.75,68,0.0,3.74000001,1.299999952,2.710000038,0.0,36,32,150,744,1545
3977333714,5/1/2016,10414,7.070000172,81,0.0,2.670000076,1.980000019,2.410000086,0.0,41,40,124,691,1501
3977333714,5/3/2016,14335,9.590000153,88,0.0,3.319999933,1.74000001,4.53000021,0.0,47,41,258,594,1710
4020332650,4/16/2016,1982,1.419999957,86,0.0,0.449999988,0.370000005,0.589999974,0.0,65,21,55,1222,3051
4020332650,5/4/2016,10252,7.349999905,59,0.0,0.670000017,1.039999962,5.579999924,0.0,13,46,346,531,3879
4020332650,5/11/2016,3689,2.650000095,10,0.0,0.109999999,0.170000002,2.329999924,0.0,2,8,134,1296,2645
4319703577,4/14/2016,10210,6.880000114,10,0.0,0.109999999,0.330000013,6.440000057,0.0,1,9,339,589,2302
4319703577,4/26/2016,9899,6.639999866,29,0.0,0.569999993,0.920000017,5.150000095,0.0,8,21,288,649,2236
4319703577,4/27/2016,10780,7.230000019,53,0.0,0.409999996,1.919999957,4.909999847,0.0,6,47,300,680,2324
4319703577,4/29/2016,7990,5.360000134,24,0.0,0.449999988,0.790000021,4.119999886,0.0,6,18,289,624,2175
4319703577,4/30/2016,8221,5.519999981,44,0.0,0.400000006,1.610000014,3.50999999,0.0,6,38,196,695,2092
4319703577,5/3/2016,9648,6.46999979,34,0.0,0.579999983,1.070000052,4.829999924,0.0,8,26,287,669,2235
4319703577,5/5/2016,13658,9.489999771,61,0.0,2.630000114,1.409999967,5.449999809,0.0,27,34,328,957,2530
4319703577,5/6/2016,9524,6.420000076,17,0.0,0.409999996,0.469999999,5.460000038,0.0,6,11,314,692,2266
4319703577,5/7/2016,7937,5.329999924,31,0.0,0.189999998,1.049999952,4.079999924,0.0,3,28,279,586,2158
4388161847,4/18/2016,11009,9.100000381,35,0.0,3.559999943,0.400000006,5.139999866,0.0,27,8,239,1017,3274
4388161847,4/20/2016,10553,8.119999886,61,0.0,1.100000024,1.720000029,5.289999962,0.0,19,42,228,696,3083
4388161847,4/22/2016,12139,9.340000153,102,0.0,3.299999952,1.110000014,4.920000076,0.0,77,25,220,945,3544
4388161847,4/23/2016,13236,10.18000031,63,0.0,4.5,0.319999993,5.349999905,0.0,58,5,215,749,3306
4388161847,4/24/2016,10243,7.880000114,22,0.0,1.080000043,0.50999999,6.300000191,0.0,14,8,239,584,2885
4388161847,4/25/2016,12961,9.970000267,42,0.0,0.730000019,1.399999976,7.840000153,0.0,11,31,301,1054,3288
4388161847,4/26/2016,9461,7.28000021,37,0.0,0.939999998,1.059999943,5.269999981,0.0,14,23,224,673,2929
4388161847,4/28/2016,10074,7.75,28,0.0,1.289999962,0.430000007,6.03000021,0.0,19,9,234,878,2969
4388161847,4/29/2016,9232,7.099999905,29,0.0,0.800000012,0.889999986,5.420000076,0.0,13,16,236,1175,2979
4388161847,4/30/2016,12533,9.640000343,57,0.0,0.699999988,2.0,6.940000057,0.0,14,43,300,537,3283
4388161847,5/2/2016,10096,8.399999619,37,0.0,3.769999981,0.079999998,4.550000191,0.0,33,4,204,935,3147
4388161847,5/3/2016,12727,9.789999962,36,0.0,1.129999995,0.779999971,7.880000114,0.0,18,18,306,984,3290
4388161847,5/5/2016,9603,7.380000114,51,0.0,0.629999995,1.669999957,5.090000153,0.0,12,39,199,896,2899
4388161847,5/10/2016,10299,7.920000076,27,0.0,0.810000002,0.649999976,6.460000038,0.0,13,14,267,648,3061
4445114986,4/18/2016,6155,4.239999771,31,0.0,2.0,0.289999992,1.950000048,0.0,25,6,162,1247,2248
4445114986,4/26/2016,6326,4.409999847,30,0.0,2.410000086,0.039999999,1.960000038,0.0,29,1,180,839,2291
4445114986,4/27/2016,7243,5.03000021,33,0.0,2.619999886,0.029999999,2.380000114,0.0,32,1,194,839,2361
4445114986,5/2/2016,6910,4.75,31,0.0,2.210000038,0.189999998,2.349999905,0.0,27,4,200,667,2336
4445114986,5/3/2016,7502,5.179999828,32,0.0,2.480000019,0.109999999,2.579999924,0.0,30,2,233,725,2421
4445114986,5/5/2016,3800,2.549999952,8,0.0,0.119999997,0.239999995,2.180000067,0.0,2,6,185,734,2120
4445114986,5/7/2016,5183,3.589999914,30,0.0,2.130000114,0.189999998,1.25,0.0,26,4,108,866,2123
4445114986,5/11/2016,9105,6.110000134,56,0.0,2.25,1.0,2.859999895,0.0,34,22,232,622,2499
4558609924,4/13/2016,4978,3.289999962,26,0.0,1.24000001,0.439999998,1.610000014,0.0,19,7,127,1287,1722
4558609924,4/16/2016,7289,4.820000172,20,0.0,0.550000012,0.75,3.5,0.0,8,12,308,1112,1997
4558609924,4/17/2016,9634,6.400000095,26,0.0,0.550000012,1.139999986,4.710000038,0.0,7,19,304,1110,2117
4558609924,4/18/2016,8940,5.909999847,29,0.0,0.980000019,0.930000007,4.0,0.0,14,15,331,1080,2116
4558609924,4/19/2016,5401,3.569999933,10,0.0,0.050000001,0.360000014,3.160000086,0.0,1,9,248,1182,1876
4558609924,4/21/2016,13743,9.079999924,27,0.0,0.419999987,0.970000029,7.699999809,0.0,6,21,432,844,2486
4558609924,4/27/2016,9557,6.320000172,41,0.0,1.960000038,0.889999986,3.460000038,0.0,27,14,312,1087,2098
4558609924,4/28/2016,9451,6.25,12,0.0,0.02,0.270000011,5.949999809,0.0,1,11,367,985,2185
4558609924,4/29/2016,7833,5.179999828,44,0.0,1.019999981,1.850000024,2.309999943,0.0,15,29,197,1096,1918
4558609924,4/30/2016,10319,6.820000172,36,0.0,0.469999999,1.889999986,4.460000038,0.0,7,29,293,1111,2105
4558609924,5/3/2016,5267,3.480000019,31,0.0,0.600000024,0.280000001,2.599999905,0.0,21,10,237,1172,1953
4558609924,5/7/2016,8237,5.440000057,39,0.0,1.610000014,1.0,2.829999924,0.0,23,16,233,1116,1973
4558609924,5/8/2016,6543,4.329999924,101,0.0,1.799999952,0.5,2.019999981,0.0,66,35,238,1019,2666
4558609924,5/9/2016,11451,7.570000172,36,0.0,0.430000007,1.620000005,5.519999981,0.0,6,30,339,1065,2223
4558609924,5/10/2016,6435,4.25,29,0.0,0.74000001,1.120000005,2.390000105,0.0,11,18,220,1191,1889
4558609924,5/11/2016,9108,6.019999981,35,0.0,0.25999999,1.820000052,3.940000057,0.0,4,31,324,1081,2131
4702921684,4/16/2016,11140,9.029999733,27,0.0,0.239999995,1.25,7.539999962,0.0,3,24,335,556,3328
4702921684,4/18/2016,9105,7.380000114,52,0.0,1.820000052,1.49000001,4.070000172,0.0,22,30,191,890,3013
4702921684,4/19/2016,6708,5.440000057,18,0.0,0.879999995,0.370000005,4.190000057,0.0,10,8,179,757,2812
4702921684,4/20/2016,8793,7.130000114,31,0.0,0.159999996,1.230000019,5.730000019,0.0,2,29,260,717,3061
4702921684,4/25/2016,9167,7.429999828,21,0.0,0.49000001,0.819999993,6.110000134,0.0,6,15,270,730,3064
4702921684,4/27/2016,7047,5.71999979,17,0.0,0.090000004,0.800000012,4.78000021,0.0,1,16,238,733,2908
4702921684,4/28/2016,9023,7.320000172,23,0.0,1.129999995,0.419999987,5.769999981,0.0,14,9,232,738,3033
4702921684,5/2/2016,7245,5.920000076,45,0.0,0.379999995,1.74000001,3.75999999,0.0,5,40,195,1131,2859
4702921684,5/5/2016,8614,6.989999771,13,0.0,0.670000017,0.219999999,6.090000153,0.0,8,5,241,745,3006
5553957443,4/15/2016,16556,10.85999966,96,0.0,4.159999847,1.980000019,4.710000038,0.0,58,38,239,689,2254
5553957443,4/19/2016,15482,10.10999966,97,0.0,4.28000021,1.659999967,4.179999828,0.0,69,28,249,756,2284
5553957443,4/22/2016,11682,7.630000114,41,0.0,1.379999995,0.629999995,5.599999905,0.0,25,16,270,781,2105
5553957443,4/25/2016,10946,7.190000057,62,0.0,2.930000067,0.569999993,3.690000057,0.0,51,11,201,732,2033
5553957443,4/26/2016,11886,7.760000229,58,0.0,2.369999886,0.930000007,4.460000038,0.0,40,18,238,750,2093
5553957443,4/27/2016,10538,6.880000114,32,0.0,1.139999986,1.0,4.739999771,0.0,16,16,206,745,1922
5553957443,4/28/2016,11393,7.630000114,62,0.0,3.710000038,0.75,3.170000076,0.0,49,13,165,727,1999
5553957443,5/3/2016,12848,8.390000343,55,0.0,1.5,1.200000048,5.679999828,0.0,26,29,247,812,2116
5553957443,5/5/2016,14331,9.510000229,73,0.0,3.430000067,1.659999967,4.429999828,0.0,44,29,241,692,2156
5553957443,5/6/2016,9632,6.289999962,30,0.0,1.519999981,0.540000021,4.230000019,0.0,21,9,229,761,1916
5553957443,5/8/2016,6083,4.0,11,0.0,0.219999999,0.469999999,3.299999952,0.0,3,8,210,505,1762
5553957443,5/9/2016,11611,7.579999924,81,0.0,2.130000114,0.889999986,4.559999943,0.0,59,22,251,667,2272
5553957443,5/10/2016,16358,10.71000004,101,0.0,3.869999886,1.610000014,5.199999809,0.0,61,40,265,707,2335
5553957443,5/12/2016,3121,2.039999962,14,0.0,0.579999983,0.400000006,1.059999943,0.0,8,6,48,222,741
5577150313,4/13/2016,5077,3.789999962,26,0.0,0.319999993,0.219999999,3.25,0.0,15,11,144,776,2551
5577150313,4/22/2016,9172,6.849999905,92,0.0,2.420000076,0.790000021,3.299999952,0.0,62,30,200,823,3329
5577150313,4/23/2016,7638,5.710000038,48,0.0,1.210000038,0.360000014,4.139999866,0.0,24,24,223,627,3152
5577150313,4/25/2016,6393,4.78000021,99,0.0,1.350000024,0.670000017,2.75999999,0.0,61,38,214,743,3374
5577150313,4/26/2016,5325,3.980000019,70,0.0,0.850000024,0.649999976,2.470000029,0.0,38,32,181,759,3088
5577150313,4/27/2016,6805,5.139999866,79,0.0,1.809999943,0.400000006,2.930000067,0.0,63,16,190,773,3294
5577150313,5/2/2016,7439,5.559999943,57,0.0,1.120000005,0.349999994,4.070000172,0.0,37,20,235,732,3014
5577150313,5/4/2016,5206,3.890000105,34,0.0,1.559999943,0.25,2.079999924,0.0,25,9,141,631,2755
5577150313,5/5/2016,7550,5.639999866,66,0.0,2.5,0.469999999,2.670000076,0.0,45,21,143,1153,3004
5577150313,5/6/2016,4950,3.700000048,57,0.0,1.929999948,0.319999993,1.450000048,0.0,41,16,79,1304,2643
5577150313,5/9/2016,3421,2.559999943,45,0.0,1.429999948,0.140000001,0.99000001,0.0,34,11,70,1099,2489
5577150313,5/11/2016,4038,3.039999962,60,0.0,1.830000043,0.300000012,0.889999986,0.0,45,15,63,257,1665
6290855005,4/17/2016,7851,5.940000057,43,0.0,1.139999986,0.790000021,4.0,0.0,31,12,225,1172,3171
6775888955,4/13/2016,4053,2.910000086,35,0.0,1.110000014,0.579999983,1.220000029,0.0,17,18,85,1053,2400
6775888955,4/14/2016,5162,3.700000048,38,0.0,0.870000005,0.860000014,1.970000029,0.0,14,24,105,863,2507
6775888955,4/16/2016,4732,3.390000105,54,0.0,2.519999981,0.810000002,0.059999999,0.0,36,18,9,1377,2225
6775888955,4/17/2016,2497,1.789999962,29,0.0,0.349999994,1.129999995,0.310000002,0.0,5,24,19,1392,2067
6775888955,4/18/2016,8294,5.949999809,61,0.0,2.0,0.769999981,3.170000076,0.0,30,31,146,1233,2798
6775888955,4/24/2016,2153,1.539999962,29,0.0,0.769999981,0.620000005,0.150000006,0.0,11,18,11,1400,2053
6775888955,4/25/2016,6474,4.639999866,46,0.0,2.269999981,0.460000008,1.899999976,0.0,33,13,92,1302,2484
6775888955,4/30/2016,2503,1.789999962,12,0.0,0.159999996,0.159999996,1.480000019,0.0,3,9,84,1344,2280
6775888955,5/1/2016,2487,1.779999971,43,0.0,0.479999989,0.620000005,0.680000007,0.0,9,34,50,1347,2319
6775888955,5/6/2016,4697,3.369999886,47,0.0,0.469999999,0.930000007,1.929999948,0.0,12,35,75,1318,2496
6962181067,4/12/2016,10199,6.739999771,64,0.0,3.400000095,0.829999983,2.50999999,0.0,50,14,189,796,1994
6962181067,4/13/2016,5652,3.74000001,32,0.0,0.569999993,1.210000038,1.960000038,0.0,8,24,142,548,1718
6962181067,4/16/2016,13217,8.739999771,53,0.0,3.660000086,0.189999998,4.880000114,0.0,50,3,280,741,2173
6962181067,4/20/2016,13928,9.550000191,52,0.0,4.28000021,0.189999998,5.090000153,0.0,48,4,297,639,2174
6962181067,4/22/2016,10725,7.090000153,63,0.0,1.769999981,1.549999952,3.769999981,0.0,30,33,240,659,2086
6962181067,4/23/2016,20031,13.23999977,99,0.0,4.199999809,2.0,7.039999962,0.0,58,41,347,484,2571
6962181067,4/26/2016,10433,6.900000095,43,0.0,2.579999924,0.419999987,3.900000095,0.0,36,7,254,680,2012
6962181067,4/28/2016,12627,8.350000381,46,0.0,2.50999999,0.239999995,5.590000153,0.0,38,8,288,621,2182
6962181067,4/29/2016,10762,7.110000134,27,0.0,0.819999993,0.479999989,5.809999943,0.0,12,15,369,645,2254
6962181067,4/30/2016,10081,6.659999847,48,0.0,2.24000001,0.75999999,3.670000076,0.0,32,16,237,731,2002
6962181067,5/2/2016,12912,8.539999962,57,0.0,1.200000048,2.0,5.340000153,0.0,18,39,313,655,2162
6962181067,5/4/2016,10147,6.710000038,51,0.0,0.469999999,1.679999948,4.550000191,0.0,15,36,284,683,2086
6962181067,5/5/2016,10524,6.960000038,36,0.0,0.99000001,1.159999967,4.809999943,0.0,14,22,305,591,2066
6962181067,5/10/2016,15448,10.21000004,96,0.0,3.470000029,1.75,4.989999771,0.0,62,34,275,626,2361
6962181067,5/11/2016,6722,4.440000057,31,0.0,1.49000001,0.310000002,2.650000095,0.0,24,7,199,709,1855
7007744171,4/21/2016,13744,9.18999958,64,0.0,2.150000095,1.870000005,5.170000076,0.0,30,34,327,1049,2763
7007744171,4/26/2016,15090,10.10000038,38,0.0,0.930000007,0.939999998,8.229999542,0.0,16,22,424,978,2939
7007744171,4/28/2016,15128,10.11999989,32,0.0,1.090000033,0.769999981,8.260000229,0.0,16,16,401,1007,2836
7007744171,5/6/2016,11459,7.670000076,57,0.0,3.0,0.810000002,3.859999895,0.0,44,13,247,1136,2553
7086361926,4/13/2016,5813,3.619999886,57,0.0,0.560000002,0.209999993,2.839999914,0.0,31,26,155,744,2516
7086361926,4/15/2016,8585,5.670000076,51,0.0,2.039999962,1.110000014,2.529999971,0.0,30,21,139,864,2395
7086361926,4/21/2016,9469,6.179999828,25,0.0,1.360000014,0.300000012,4.510000229,0.0,19,6,206,758,2463
7086361926,4/25/2016,10091,6.820000172,108,0.0,3.75,0.699999988,2.369999886,0.0,69,39,129,706,2752
7086361926,4/26/2016,10387,7.070000172,103,0.0,4.159999847,0.769999981,2.119999886,0.0,70,33,132,726,2781
7086361926,4/29/2016,7881,4.949999809,60,0.0,0.49000001,0.449999988,4.0,0.0,24,36,182,1198,2616
7086361926,4/30/2016,14560,9.409999847,59,0.0,3.119999886,1.039999962,5.239999771,0.0,42,17,308,584,2995
7086361926,5/1/2016,12390,8.069999695,45,0.0,2.299999952,0.899999976,4.849999905,0.0,30,15,258,685,2730
7086361926,5/2/2016,10052,6.809999943,92,0.0,3.480000019,0.660000026,2.660000086,0.0,66,26,139,737,2754
7086361926,5/3/2016,10288,6.760000229,93,0.0,2.74000001,0.850000024,3.160000086,0.0,57,36,152,761,2754
7086361926,5/5/2016,8564,5.599999905,38,0.0,1.779999971,0.829999983,2.950000048,0.0,24,14,149,1253,2386
7086361926,5/8/2016,10677,7.099999905,59,0.0,2.309999943,1.529999971,3.25,0.0,32,27,147,695,2534
7086361926,5/11/2016,9572,6.519999981,97,0.0,2.890000105,1.389999986,2.230000019,0.0,57,40,128,757,2735
7086361926,5/12/2016,3789,2.559999943,9,0.0,0.379999995,0.270000011,1.889999986,0.0,5,4,58,343,1199
8053475328,4/30/2016,7135,5.590000153,28,0.0,2.99000001,0.059999999,2.539999962,0.0,27,1,131,1281,2408
8053475328,5/12/2016,4998,3.910000086,32,0.0,2.950000048,0.200000003,0.75999999,0.0,28,4,39,839,1505
8253242879,4/13/2016,8053,6.099999905,46,0.0,4.170000076,0.629999995,1.309999943,0.0,35,11,96,1298,1935
8253242879,4/14/2016,5234,3.460000038,45,0.0,1.929999948,0.99000001,0.540000021,0.0,29,16,33,1362,1705
8253242879,4/18/2016,5151,3.480000019,32,0.0,1.039999962,0.629999995,1.799999952,0.0,16,16,130,1278,1829
8253242879,4/23/2016,9282,6.260000229,56,0.0,2.089999914,1.039999962,3.130000114,0.0,30,26,191,1193,2132
8253242879,4/26/2016,4562,3.039999962,33,0.0,1.179999948,0.49000001,1.370000005,0.0,19,14,108,1299,1813
8253242879,4/28/2016,2718,1.799999952,27,0.0,0.670000017,0.779999971,0.340000004,0.0,11,16,20,1393,1580
8253242879,4/29/2016,6260,4.260000229,30,0.0,1.289999962,0.540000021,2.400000095,0.0,16,14,136,1257,1854
8378563200,4/15/2016,14461,11.47000027,83,0.0,4.909999847,1.149999976,5.409999847,0.0,60,23,190,729,3666
8378563200,4/23/2016,5709,4.53000021,29,0.0,1.519999981,0.519999981,2.480000019,0.0,19,10,136,740,2908
8378563200,4/28/2016,5417,4.300000191,21,0.0,0.899999976,0.49000001,2.910000086,0.0,11,10,139,711,2884
8378563200,4/29/2016,6175,4.900000095,10,0.0,0.25,0.360000014,4.269999981,0.0,3,7,172,767,2982
8378563200,5/4/2016,7875,6.239999771,29,0.0,1.559999943,0.49000001,4.199999809,0.0,19,10,167,680,3110
8378563200,5/12/2016,4561,3.619999886,14,0.0,0.649999976,0.270000011,2.690000057,0.0,8,6,102,433,1976
8583815059,4/18/2016,3864,3.00999999,26,0.0,0.310000002,1.059999943,1.350000024,0.0,4,22,105,1309,2536
8583815059,4/21/2016,8538,6.659999847,53,0.0,2.630000114,1.019999981,3.00999999,0.0,35,18,158,1229,2883
8583815059,4/25/2016,4503,3.50999999,24,0.0,1.470000029,0.239999995,1.809999943,0.0,18,6,122,1294,2547
8583815059,5/1/2016,4512,3.519999981,12,0.0,0.779999971,0.119999997,2.039999962,0.0,10,2,117,1311,2596
8792009665,4/22/2016,4068,2.599999905,21,0.0,0.050000001,0.280000001,2.269999981,0.0,1,20,195,817,2419
8792009665,4/23/2016,5245,3.359999895,53,0.0,0.159999996,0.439999998,2.75,0.0,8,45,232,795,2748
8792009665,4/24/2016,400,0.25999999,11,0.0,0.039999999,0.050000001,0.159999996,0.0,3,8,19,1410,1799
8877689391,4/18/2016,11423,8.670000076,34,0.0,2.440000057,0.270000011,5.940000057,0.0,29,5,191,1215,2761
8877689391,4/26/2016,11101,8.430000305,25,0.0,1.75999999,0.129999995,6.5,0.0,22,3,258,1157,2860
8877689391,4/28/2016,14890,11.30000019,66,0.0,4.929999828,0.379999995,5.96999979,0.0,58,8,231,1143,3060
8877689391,4/29/2016,9733,7.389999866,23,0.0,1.379999995,0.170000002,5.789999962,0.0,18,5,210,1207,2698
8877689391,5/1/2016,10930,8.319999695,48,0.0,3.130000114,0.569999993,4.570000172,0.0,36,12,166,1226,2786
8877689391,5/8/2016,10686,8.109999657,21,0.0,1.080000043,0.200000003,6.800000191,0.0,17,4,245,1174,2847
8877689391,5/10/2016,10733,8.149999619,29,0.0,1.350000024,0.460000008,6.28000021,0.0,18,11,224,1187,2832
8877689391,5/12/2016,8064,6.119999886,24,0.0,1.820000052,0.039999999,4.25,0.0,23,1,137,770,1849
1624580081,4/12/2016,8163,5.309999943,0,0.0,0.0,0.0,5.309999943,0.0,0,0,146,1294,1432
1624580081,4/13/2016,7007,4.550000191,0,0.0,0.0,0.0,4.550000191,0.0,0,0,148,1292,1411
1624580081,4/15/2016,1510,0.980000019,0,0.0,0.0,0.0,0.970000029,0.0,0,0,96,1344,1344
1624580081,4/16/2016,5370,3.49000001,0,0.0,0.0,0.0,3.49000001,0.0,0,0,176,1264,1463
1624580081,4/19/2016,2916,1.899999976,0,0.0,0.0,0.0,1.899999976,0.0,0,0,141,1299,1435
1624580081,4/20/2016,4974,3.230000019,0,0.0,0.0,0.0,3.230000019,0.0,0,0,151,1289,1446
1624580081,4/22/2016,4026,2.619999886,0,0.0,0.0,0.0,2.599999905,0.0,0,0,199,1241,1470
1624580081,4/28/2016,2759,1.789999962,5,0.0,0.0,0.200000003,1.600000024,0.0,0,5,115,1320,1401
1624580081,4/29/2016,2390,1.549999952,0,0.0,0.0,0.0,1.549999952,0.0,0,0,150,1290,1404
1624580081,5/4/2016,2193,1.429999948,0,0.0,0.0,0.0,1.419999957,0.0,0,0,118,1322,1368
1624580081,5/7/2016,2104,1.370000005,0,0.0,0.0,0.0,1.370000005,0.0,0,0,182,1258,1474
1624580081,5/8/2016,3427,2.230000019,0,0.0,0.0,0.0,2.220000029,0.0,0,0,152,1288,1427
1624580081,5/9/2016,1732,1.129999995,0,0.0,0.0,0.0,1.129999995,0.0,0,0,91,1349,1328
1624580081,5/11/2016,3134,2.039999962,0,0.0,0.0,0.0,2.039999962,0.0,0,0,112,1328,1359
1644430081,4/23/2016,6637,4.829999924,15,0.0,0.0,0.579999983,4.25,0.0,0,15,160,1265,2677
1644430081,4/24/2016,3321,2.410000086,0,0.0,0.0,0.0,2.410000086,0.0,0,0,89,1351,2413
1644430081,4/27/2016,3032,2.200000048,0,0.0,0.0,0.0,2.200000048,0.0,0,0,118,1322,2489
1644430081,4/29/2016,3176,2.309999943,0,0.0,0.0,0.0,2.309999943,0.0,0,0,120,1193,2498
1644430081,5/8/2016,6724,4.889999866,0,0.0,0.0,0.0,4.880000114,0.0,0,0,295,991,2987
1844505072,4/12/2016,6697,4.429999828,0,0.0,0.0,0.0,4.429999828,0.0,0,0,339,1101,2030
1844505072,4/13/2016,4929,3.25999999,0,0.0,0.0,0.0,3.25999999,0.0,0,0,248,1192,1860
1844505072,4/14/2016,7937,5.25,0,0.0,0.0,0.0,5.230000019,0.0,0,0,373,843,2130
1844505072,4/15/2016,3844,2.539999962,0,0.0,0.0,0.0,2.539999962,0.0,0,0,176,527,1725
1844505072,4/16/2016,3414,2.25999999,0,0.0,0.0,0.0,2.25999999,0.0,0,0,147,1293,1657
1844505072,4/18/2016,4597,3.039999962,12,0.0,0.0,0.479999989,2.559999943,0.0,0,12,217,1211,1814
1844505072,4/19/2016,197,0.129999995,0,0.0,0.0,0.0,0.129999995,0.0,0,0,10,1430,1366
1844505072,4/20/2016,8,0.01,0,0.0,0.0,0.0,0.01,0.0,0,0,1,1439,1349
1844505072,4/22/2016,5372,3.549999952,0,0.0,0.0,0.0,3.549999952,0.0,0,0,220,1220,1827
1844505072,4/23/2016,3570,2.359999895,0,0.0,0.0,0.0,2.359999895,0.0,0,0,139,1301,1645
1844505072,4/27/2016,4,0.0,0,0.0,0.0,0.0,0.0,0.0,0,0,1,1439,1348
1844505072,4/28/2016,6907,4.570000172,0,0.0,0.0,0.0,4.559999943,0.0,0,0,302,1138,1992
1844505072,4/29/2016,4920,3.25,0,0.0,0.0,0.0,3.25,0.0,0,0,247,1082,1856
1844505072,4/30/2016,4014,2.670000076,0,0.0,0.0,0.0,2.650000095,0.0,0,0,184,218,1763
1844505072,5/1/2016,2573,1.700000048,7,0.0,0.0,0.25999999,1.450000048,0.0,0,7,75,585,1541
1844505072,5/3/2016,4059,2.680000067,0,0.0,0.0,0.0,2.680000067,0.0,0,0,184,1256,1742
1844505072,5/4/2016,2080,1.370000005,0,0.0,0.0,0.0,1.370000005,0.0,0,0,87,1353,1549
1844505072,5/5/2016,2237,1.480000019,0,0.0,0.0,0.0,1.480000019,0.0,0,0,120,1320,1589
1844505072,5/6/2016,44,0.029999999,0,0.0,0.0,0.0,0.029999999,0.0,0,0,2,1438,1351
1927972279,4/12/2016,678,0.469999999,0,0.0,0.0,0.0,0.469999999,0.0,0,0,55,734,2220
1927972279,4/13/2016,356,0.25,0,0.0,0.0,0.0,0.25,0.0,0,0,32,986,2151
1927972279,4/14/2016,2163,1.5,9,0.0,0.0,0.400000006,1.100000024,0.0,0,9,88,1292,2383
1927972279,4/15/2016,980,0.680000007,0,0.0,0.0,0.0,0.680000007,0.0,0,0,51,941,2221
1927972279,4/18/2016,244,0.170000002,0,0.0,0.0,0.0,0.170000002,0.0,0,0,17,1423,2111
1927972279,4/22/2016,149,0.100000001,0,0.0,0.0,0.0,0.100000001,0.0,0,0,10,1430,2093
1927972279,4/23/2016,2945,2.039999962,0,0.0,0.0,0.0,2.039999962,0.0,0,0,145,1295,2499
1927972279,4/25/2016,152,0.109999999,0,0.0,0.0,0.0,0.109999999,0.0,0,0,12,1303,2100
1927972279,4/26/2016,3761,2.599999905,0,0.0,0.0,0.0,2.599999905,0.0,0,0,192,1058,2638
1927972279,4/28/2016,1675,1.159999967,0,0.0,0.0,0.0,1.159999967,0.0,0,0,95,1167,2351
1927972279,5/4/2016,1786,1.24000001,0,0.0,0.0,0.0,1.24000001,0.0,0,0,87,1353,2338
1927972279,5/6/2016,2091,1.450000048,0,0.0,0.0,0.0,1.450000048,0.0,0,0,108,1332,2383
1927972279,5/7/2016,1510,1.039999962,0,0.0,0.0,0.0,1.039999962,0.0,0,0,48,1392,2229
2022484408,4/23/2016,6001,4.210000038,0,0.0,0.0,0.0,4.210000038,0.0,0,0,249,1191,2069
2022484408,5/8/2016,3292,2.309999943,0,0.0,0.0,0.0,2.309999943,0.0,0,0,135,1305,1848
2026352035,4/13/2016,4993,3.099999905,0,0.0,0.0,0.0,3.099999905,0.0,0,0,238,663,1521
2026352035,4/14/2016,3335,2.069999933,0,0.0,0.0,0.0,2.049999952,0.0,0,0,197,653,1431
2026352035,4/15/2016,3821,2.369999886,0,0.0,0.0,0.0,2.369999886,0.0,0,0,188,687,1444
2026352035,4/16/2016,2547,1.580000043,0,0.0,0.0,0.0,1.580000043,0.0,0,0,150,728,1373
2026352035,4/17/2016,838,0.519999981,0,0.0,0.0,0.0,0.519999981,0.0,0,0,60,1053,1214
2026352035,4/18/2016,3325,2.059999943,0,0.0,0.0,0.0,2.059999943,0.0,0,0,182,1062,1419
2026352035,4/19/2016,2424,1.5,0,0.0,0.0,0.0,1.5,0.0,0,0,141,785,1356
2026352035,4/20/2016,7222,4.480000019,0,0.0,0.0,0.0,4.480000019,0.0,0,0,327,623,1667
2026352035,4/21/2016,2467,1.529999971,0,0.0,0.0,0.0,1.529999971,0.0,0,0,153,749,1370
2026352035,4/22/2016,2915,1.809999943,0,0.0,0.0,0.0,1.809999943,0.0,0,0,162,712,1399
2026352035,4/23/2016,12357,7.710000038,0,0.0,0.0,0.0,7.710000038,0.0,0,0,432,458,1916
2026352035,4/24/2016,3490,2.160000086,0,0.0,0.0,0.0,2.160000086,0.0,0,0,164,704,1401
2026352035,4/25/2016,6017,3.730000019,0,0.0,0.0,0.0,3.730000019,0.0,0,0,260,821,1576
2026352035,4/26/2016,5933,3.680000067,0,0.0,0.0,0.0,3.680000067,0.0,0,0,288,1018,1595
2026352035,4/27/2016,6088,3.769999981,0,0.0,0.0,0.0,3.769999981,0.0,0,0,286,586,1593
2026352035,4/28/2016,6375,3.950000048,0,0.0,0.0,0.0,3.950000048,0.0,0,0,331,626,1649
2026352035,4/29/2016,7604,4.710000038,0,0.0,0.0,0.0,4.710000038,0.0,0,0,352,492,1692
2026352035,4/30/2016,4729,2.930000067,0,0.0,0.0,0.0,2.930000067,0.0,0,0,233,594,1506
2026352035,5/1/2016,3609,2.279999971,0,0.0,0.0,0.0,2.279999971,0.0,0,0,191,716,1447
2026352035,5/2/2016,7018,4.349999905,0,0.0,0.0,0.0,4.349999905,0.0,0,0,355,716,1690
2026352035,5/3/2016,5992,3.720000029,0,0.0,0.0,0.0,3.720000029,0.0,0,0,304,981,1604
2026352035,5/4/2016,6564,4.070000172,0,0.0,0.0,0.0,4.070000172,0.0,0,0,345,530,1658
2026352035,5/6/2016,8198,5.079999924,0,0.0,0.0,0.0,5.079999924,0.0,0,0,383,511,1736
2026352035,5/7/2016,4193,2.599999905,0,0.0,0.0,0.0,2.599999905,0.0,0,0,229,665,1491
2026352035,5/8/2016,5528,3.450000048,0,0.0,0.0,0.0,3.450000048,0.0,0,0,258,610,1555
2026352035,5/9/2016,10685,6.619999886,0,0.0,0.0,0.0,6.599999905,0.0,0,0,401,543,1869
2026352035,5/10/2016,254,0.159999996,0,0.0,0.0,0.0,0.159999996,0.0,0,0,17,1002,1141
2026352035,5/11/2016,8580,5.320000172,0,0.0,0.0,0.0,5.320000172,0.0,0,0,330,569,1698
2026352035,5/12/2016,8891,5.510000229,0,0.0,0.0,0.0,5.510000229,0.0,0,0,343,330,1364
2320127002,4/13/2016,7275,4.900000095,0,0.0,0.0,0.0,4.900000095,0.0,0,0,335,1105,2003
2320127002,4/14/2016,3973,2.680000067,0,0.0,0.0,0.0,2.680000067,0.0,0,0,191,1249,1696
2320127002,4/15/2016,5205,3.50999999,0,0.0,0.0,0.0,3.50999999,0.0,0,0,245,1195,1801
2320127002,4/16/2016,5057,3.410000086,0,0.0,0.0,0.0,3.400000095,0.0,0,0,195,1245,1724
2320127002,4/17/2016,6198,4.179999828,0,0.0,0.0,0.0,4.179999828,0.0,0,0,249,1191,1852
2320127002,4/18/2016,6559,4.420000076,7,0.0,0.0,0.25999999,4.139999866,0.0,0,7,260,1173,1905
2320127002,4/19/2016,5997,4.039999962,11,0.0,0.0,0.379999995,3.660000086,0.0,0,11,228,1201,1811
2320127002,4/20/2016,7192,4.849999905,11,0.0,0.0,0.49000001,4.340000153,0.0,0,11,283,1146,1922
2320127002,4/22/2016,5583,3.75999999,0,0.0,0.0,0.0,3.75999999,0.0,0,0,266,1174,1851
2320127002,4/23/2016,5079,3.420000076,0,0.0,0.0,0.0,3.420000076,0.0,0,0,242,1129,1804
2320127002,4/24/2016,4165,2.809999943,0,0.0,0.0,0.0,2.799999952,0.0,0,0,204,1236,1725
2320127002,4/26/2016,3409,2.299999952,0,0.0,0.0,0.0,2.299999952,0.0,0,0,147,1293,1632
2320127002,4/27/2016,1715,1.159999967,0,0.0,0.0,0.0,1.159999967,0.0,0,0,82,1358,1481
2320127002,4/28/2016,1532,1.029999971,0,0.0,0.0,0.0,1.029999971,0.0,0,0,76,1364,1473
2320127002,4/29/2016,924,0.620000005,0,0.0,0.0,0.0,0.620000005,0.0,0,0,45,1395,1410
2320127002,4/30/2016,4571,3.079999924,0,0.0,0.0,0.0,3.069999933,0.0,0,0,234,1206,1779
2320127002,5/1/2016,772,0.519999981,0,0.0,0.0,0.0,0.519999981,0.0,0,0,40,1400,1403
2320127002,5/4/2016,1201,0.810000002,0,0.0,0.0,0.0,0.810000002,0.0,0,0,52,1388,1426
2320127002,5/5/2016,5202,3.50999999,11,0.0,0.0,0.389999986,3.109999895,0.0,0,11,223,1206,1780
2320127002,5/6/2016,4878,3.289999962,0,0.0,0.0,0.0,3.289999962,0.0,0,0,204,1236,1742
2320127002,5/7/2016,7379,4.96999979,0,0.0,0.0,0.0,4.96999979,0.0,0,0,319,1121,1972
2320127002,5/8/2016,5161,3.480000019,0,0.0,0.0,0.0,3.470000029,0.0,0,0,247,1193,1821
2320127002,5/9/2016,3090,2.079999924,0,0.0,0.0,0.0,2.079999924,0.0,0,0,145,1295,1630
2320127002,5/10/2016,6227,4.199999809,0,0.0,0.0,0.0,4.199999809,0.0,0,0,290,1150,1899
2320127002,5/11/2016,6424,4.329999924,0,0.0,0.0,0.0,4.329999924,0.0,0,0,300,1140,1903
2320127002,5/12/2016,2661,1.789999962,0,0.0,0.0,0.0,1.789999962,0.0,0,0,128,830,1125
2347167796,4/19/2016,6711,4.440000057,7,0.0,0.0,0.0,4.440000057,0.0,0,7,382,648,2346
2347167796,4/24/2016,9471,6.260000229,0,0.0,0.0,0.0,6.260000229,0.0,0,0,360,584,2187
2347167796,4/26/2016,5980,3.950000048,0,0.0,0.0,0.0,3.950000048,0.0,0,0,227,732,1861
2347167796,4/28/2016,5439,3.599999905,0,0.0,0.0,0.0,3.599999905,0.0,0,0,229,764,1854
2347167796,4/29/2016,42,0.029999999,0,0.0,0.0,0.0,0.029999999,0.0,0,0,4,2,403
2873212765,4/14/2016,7910,5.320000172,0,0.0,0.0,0.0,5.320000172,0.0,0,0,331,1109,1893
2873212765,4/17/2016,2524,1.700000048,8,0.0,0.0,0.349999994,1.340000033,0.0,0,8,160,1272,1529
2873212765,4/19/2016,7948,5.369999886,0,0.0,0.0,0.0,5.360000134,0.0,0,0,389,1051,1956
2873212765,4/25/2016,7373,4.949999809,0,0.0,0.0,0.0,4.949999809,0.0,0,0,359,1081,1907
2873212765,4/27/2016,3516,2.359999895,46,0.0,0.0,0.0,2.359999895,0.0,46,0,197,1197,1966
2873212765,5/4/2016,8278,5.559999943,0,0.0,0.0,0.0,5.559999943,0.0,0,0,420,1020,2015
2873212765,5/9/2016,7726,5.190000057,0,0.0,0.0,0.0,5.190000057,0.0,0,0,345,1095,1906
2873212765,5/12/2016,7566,5.110000134,0,0.0,0.0,0.0,5.110000134,0.0,0,0,268,720,1431
3372868164,4/25/2016,5995,4.090000153,0,0.0,0.0,0.0,4.090000153,0.0,0,0,416,1024,2010
3372868164,4/28/2016,5512,3.75999999,0,0.0,0.0,0.0,3.75999999,0.0,0,0,385,1055,1972
3372868164,5/1/2016,3077,2.099999905,0,0.0,0.0,0.0,2.089999914,0.0,0,0,172,842,1237
3977333714,4/21/2016,6093,4.079999924,0,0.0,0.0,0.0,4.059999943,0.0,0,0,242,712,1397
3977333714,4/27/2016,7193,5.039999962,10,0.0,0.0,0.419999987,4.619999886,0.0,0,10,176,714,1377
4020332650,4/14/2016,108,0.079999998,0,0.0,0.0,0.0,0.029999999,0.0,0,0,3,1437,2011
4020332650,4/17/2016,16,0.01,0,0.0,0.0,0.0,0.01,0.0,0,0,2,1438,1990
4020332650,4/18/2016,62,0.039999999,0,0.0,0.0,0.0,0.039999999,0.0,0,0,2,1438,1995
4020332650,5/2/2016,475,0.340000004,11,0.0,0.0,0.039999999,0.289999992,0.0,0,11,31,1350,2207
4020332650,5/7/2016,6132,4.400000095,0,0.0,0.0,0.0,3.579999924,0.0,0,0,184,1256,2975
4020332650,5/8/2016,5862,4.199999809,0,0.0,0.0,0.0,4.150000095,0.0,0,0,263,775,3089
4020332650,5/12/2016,590,0.419999987,0,0.0,0.0,0.0,0.409999996,0.0,0,0,21,721,1120
4057192912,4/12/2016,5394,4.03000021,0,0.0,0.0,0.0,3.940000057,0.0,0,0,164,1276,2286
4057192912,4/13/2016,5974,4.46999979,0,0.0,0.0,0.0,4.369999886,0.0,0,0,160,1280,2306
4319703577,4/12/2016,7753,5.199999809,0,0.0,0.0,0.0,0.0,0.0,0,0,0,1440,2115
4319703577,4/15/2016,5664,3.799999952,0,0.0,0.0,0.0,3.799999952,0.0,0,0,228,752,1985
4319703577,4/16/2016,4744,3.180000067,0,0.0,0.0,0.0,3.180000067,0.0,0,0,194,724,1884
4319703577,4/17/2016,29,0.02,0,0.0,0.0,0.0,0.02,0.0,0,0,3,1363,1464
4319703577,4/19/2016,8925,5.989999771,0,0.0,0.0,0.0,5.989999771,0.0,0,0,311,604,2200
4319703577,4/20/2016,8954,6.010000229,18,0.0,0.0,0.680000007,5.309999943,0.0,0,18,306,671,2220
4319703577,4/21/2016,3702,2.480000019,0,0.0,0.0,0.0,0.349999994,0.0,0,0,34,1265,1792
4319703577,4/23/2016,4935,3.309999943,0,0.0,0.0,0.0,3.309999943,0.0,0,0,233,546,1945
4319703577,4/25/2016,9259,6.210000038,8,0.0,0.0,0.280000001,5.929999828,0.0,0,8,390,544,2314
4319703577,5/1/2016,1251,0.839999974,0,0.0,0.0,0.0,0.839999974,0.0,0,0,67,836,1593
4319703577,5/2/2016,9261,6.239999771,11,0.0,0.0,0.439999998,5.710000038,0.0,0,11,344,585,2270
4319703577,5/8/2016,3672,2.460000038,0,0.0,0.0,0.0,2.460000038,0.0,0,0,153,603,1792
4388161847,4/12/2016,10122,7.78000021,0,0.0,0.0,0.0,0.0,0.0,0,0,0,1440,2955
4388161847,4/15/2016,8758,6.730000019,0,0.0,0.0,0.0,6.730000019,0.0,0,0,299,837,3066
4388161847,4/17/2016,4660,3.579999924,0,0.0,0.0,0.0,3.579999924,0.0,0,0,201,721,2572
4388161847,5/12/2016,3369,2.589999914,0,0.0,0.0,0.0,2.589999914,0.0,0,0,108,825,1623
4445114986,4/12/2016,3276,2.200000048,0,0.0,0.0,0.0,2.200000048,0.0,0,0,196,787,2113
4445114986,4/13/2016,2961,1.99000001,0,0.0,0.0,0.0,1.99000001,0.0,0,0,194,840,2095
4445114986,4/14/2016,3974,2.670000076,0,0.0,0.0,0.0,2.670000076,0.0,0,0,231,717,2194
4445114986,4/15/2016,7198,4.829999924,0,0.0,0.0,0.0,4.829999924,0.0,0,0,350,711,2496
4445114986,4/16/2016,3945,2.650000095,0,0.0,0.0,0.0,2.650000095,0.0,0,0,225,716,2180
4445114986,4/17/2016,2268,1.519999981,0,0.0,0.0,0.0,1.519999981,0.0,0,0,114,1219,1933
4445114986,4/19/2016,2064,1.389999986,0,0.0,0.0,0.0,1.389999986,0.0,0,0,121,895,1954
4445114986,4/20/2016,2072,1.389999986,0,0.0,0.0,0.0,1.389999986,0.0,0,0,137,841,1974
4445114986,4/21/2016,3809,2.559999943,0,0.0,0.0,0.0,2.539999962,0.0,0,0,215,756,2150
4445114986,4/22/2016,6831,4.579999924,0,0.0,0.0,0.0,4.579999924,0.0,0,0,317,706,2432
4445114986,4/23/2016,4363,2.930000067,0,0.0,0.0,0.0,2.930000067,0.0,0,0,201,1239,2149
4445114986,4/24/2016,5002,3.359999895,0,0.0,0.0,0.0,3.359999895,0.0,0,0,244,1196,2247
4445114986,4/25/2016,3385,2.269999981,0,0.0,0.0,0.0,2.269999981,0.0,0,0,179,916,2070
4445114986,4/28/2016,4493,3.00999999,0,0.0,0.0,0.0,3.00999999,0.0,0,0,236,762,2203
4445114986,4/29/2016,4676,3.140000105,0,0.0,0.0,0.0,3.130000114,0.0,0,0,226,1106,2196
4445114986,4/30/2016,6222,4.179999828,0,0.0,0.0,0.0,4.179999828,0.0,0,0,290,797,2363
4445114986,5/1/2016,5232,3.50999999,0,0.0,0.0,0.0,3.50999999,0.0,0,0,240,741,2246
4445114986,5/4/2016,2923,1.960000038,0,0.0,0.0,0.0,1.960000038,0.0,0,0,180,897,2070
4445114986,5/6/2016,4514,3.029999971,0,0.0,0.0,0.0,3.029999971,0.0,0,0,229,809,2211
4445114986,5/8/2016,7303,4.900000095,8,0.0,0.0,0.25,4.650000095,0.0,0,8,308,733,2423
4445114986,5/9/2016,5275,3.539999962,0,0.0,0.0,0.0,3.539999962,0.0,0,0,266,641,2281
4445114986,5/10/2016,3915,2.630000114,0,0.0,0.0,0.0,2.630000114,0.0,0,0,231,783,2181
4445114986,5/12/2016,768,0.519999981,0,0.0,0.0,0.0,0.519999981,0.0,0,0,58,380,1212
4558609924,4/12/2016,5135,3.390000105,0,0.0,0.0,0.0,3.390000105,0.0,0,0,318,1122,1909
4558609924,4/14/2016,6799,4.489999771,0,0.0,0.0,0.0,4.489999771,0.0,0,0,279,1161,1922
4558609924,4/20/2016,4803,3.170000076,0,0.0,0.0,0.0,3.170000076,0.0,0,0,222,1218,1788
4558609924,4/24/2016,8563,5.659999847,0,0.0,0.0,0.0,5.650000095,0.0,0,0,395,1045,2173
4558609924,5/1/2016,3428,2.269999981,0,0.0,0.0,0.0,2.269999981,0.0,0,0,190,1121,1692
4558609924,5/2/2016,7891,5.21999979,0,0.0,0.0,0.0,5.21999979,0.0,0,0,383,1057,2066
4558609924,5/4/2016,5232,3.460000038,0,0.0,0.0,0.0,3.460000038,0.0,0,0,252,1188,1842
4558609924,5/6/2016,3755,2.480000019,0,0.0,0.0,0.0,2.480000019,0.0,0,0,202,1238,1722
4558609924,5/12/2016,6307,4.170000076,0,0.0,0.0,0.0,4.170000076,0.0,0,0,247,736,1452
4702921684,4/12/2016,7213,5.880000114,0,0.0,0.0,0.0,5.849999905,0.0,0,0,263,718,2947
4702921684,4/13/2016,6877,5.579999924,0,0.0,0.0,0.0,5.579999924,0.0,0,0,258,777,2898
4702921684,4/14/2016,7860,6.369999886,0,0.0,0.0,0.0,6.369999886,0.0,0,0,271,772,2984
4702921684,4/22/2016,1664,1.350000024,0,0.0,0.0,0.0,1.350000024,0.0,0,0,72,1341,2241
4702921684,5/3/2016,9454,7.670000076,0,0.0,0.0,0.0,7.670000076,0.0,0,0,313,729,3145
4702921684,5/9/2016,8232,6.679999828,12,0.0,0.0,0.569999993,6.099999905,0.0,0,12,253,746,2990
4702921684,5/12/2016,2752,2.230000019,0,0.0,0.0,0.0,2.230000019,0.0,0,0,68,241,1240
5553957443,4/13/2016,4832,3.160000086,0,0.0,0.0,0.0,3.160000086,0.0,0,0,226,647,1718
5553957443,4/16/2016,5771,3.769999981,0,0.0,0.0,0.0,3.769999981,0.0,0,0,288,521,1831
5553957443,4/17/2016,655,0.430000007,0,0.0,0.0,0.0,0.430000007,0.0,0,0,46,943,1397
5553957443,4/18/2016,3727,2.430000067,0,0.0,0.0,0.0,2.430000067,0.0,0,0,206,622,1683
5553957443,4/20/2016,2713,1.769999981,0,0.0,0.0,0.0,1.769999981,0.0,0,0,148,598,1570
5553957443,4/23/2016,4112,2.690000057,0,0.0,0.0,0.0,2.680000067,0.0,0,0,272,443,1776
5553957443,4/24/2016,1807,1.179999948,0,0.0,0.0,0.0,1.179999948,0.0,0,0,104,582,1507
5553957443,4/30/2016,1202,0.779999971,0,0.0,0.0,0.0,0.779999971,0.0,0,0,84,506,1463
5553957443,5/1/2016,5164,3.369999886,0,0.0,0.0,0.0,3.369999886,0.0,0,0,237,436,1747
5553957443,5/4/2016,4249,2.769999981,0,0.0,0.0,0.0,2.769999981,0.0,0,0,224,651,1698
5553957443,5/7/2016,1868,1.220000029,0,0.0,0.0,0.0,1.220000029,0.0,0,0,96,902,1494
5553957443,5/11/2016,4926,3.220000029,0,0.0,0.0,0.0,3.220000029,0.0,0,0,195,628,1693
6117666160,4/17/2016,7150,5.400000095,0,0.0,0.0,0.0,5.400000095,0.0,0,0,312,702,2225
6117666160,4/18/2016,5153,3.910000086,0,0.0,0.0,0.0,3.890000105,0.0,0,0,241,759,2018
6117666160,4/22/2016,8206,6.199999809,0,0.0,0.0,0.0,6.199999809,0.0,0,0,402,413,2409
6117666160,4/24/2016,7623,5.760000229,0,0.0,0.0,0.0,5.760000229,0.0,0,0,362,711,2305
6117666160,4/26/2016,9543,7.210000038,7,0.0,0.0,0.340000004,6.869999886,0.0,0,7,352,1077,2450
6117666160,4/27/2016,9411,7.110000134,0,0.0,0.0,0.0,7.110000134,0.0,0,0,458,417,2576
6117666160,4/28/2016,3403,2.599999905,0,0.0,0.0,0.0,2.599999905,0.0,0,0,141,758,1879
6117666160,4/29/2016,9592,7.239999771,0,0.0,0.0,0.0,7.239999771,0.0,0,0,461,479,2560
6117666160,4/30/2016,6987,5.28000021,0,0.0,0.0,0.0,5.28000021,0.0,0,0,343,1040,2275
6117666160,5/1/2016,8915,6.730000019,0,0.0,0.0,0.0,6.730000019,0.0,0,0,397,525,2361
6117666160,5/2/2016,4933,3.730000019,0,0.0,0.0,0.0,3.730000019,0.0,0,0,236,1204,2044
6117666160,5/4/2016,2997,2.25999999,0,0.0,0.0,0.0,2.25999999,0.0,0,0,156,1279,1902
6117666160,5/6/2016,3365,2.680000067,0,0.0,0.0,0.0,2.680000067,0.0,0,0,133,673,1838
6117666160,5/7/2016,7336,5.539999962,0,0.0,0.0,0.0,5.539999962,0.0,0,0,412,456,2469
6117666160,5/8/2016,7328,5.53000021,0,0.0,0.0,0.0,5.53000021,0.0,0,0,318,517,2250
6117666160,5/9/2016,4477,3.380000114,0,0.0,0.0,0.0,3.380000114,0.0,0,0,197,125,1248
6290855005,4/12/2016,4562,3.450000048,0,0.0,0.0,0.0,3.450000048,0.0,0,0,199,1241,2560
6290855005,4/22/2016,6238,4.71999979,0,0.0,0.0,0.0,4.71999979,0.0,0,0,302,1138,2796
6290855005,4/24/2016,5896,4.460000038,0,0.0,0.0,0.0,4.460000038,0.0,0,0,258,1182,2703
6290855005,4/28/2016,5731,4.329999924,0,0.0,0.0,0.0,4.329999924,0.0,0,0,255,1185,2687
6290855005,5/3/2016,6047,4.570000172,0,0.0,0.0,0.0,4.570000172,0.0,0,0,240,1200,2671
6290855005,5/5/2016,6339,4.789999962,0,0.0,0.0,0.0,4.789999962,0.0,0,0,239,1201,2682
6290855005,5/7/2016,5510,4.170000076,0,0.0,0.0,0.0,4.159999847,0.0,0,0,227,1213,2613
6290855005,5/8/2016,7706,5.829999924,0,0.0,0.0,0.0,5.820000172,0.0,0,0,251,1189,2712
6775888955,4/15/2016,1282,0.920000017,0,0.0,0.0,0.0,0.920000017,0.0,0,0,58,976,2127
6775888955,4/22/2016,637,0.460000008,0,0.0,0.0,0.0,0.460000008,0.0,0,0,20,1420,1922
6775888955,5/3/2016,9,0.01,0,0.0,0.0,0.0,0.01,0.0,0,0,1,1439,1843
6962181067,4/14/2016,1551,1.029999971,0,0.0,0.0,0.0,1.029999971,0.0,0,0,86,862,1466
6962181067,4/15/2016,5563,3.680000067,0,0.0,0.0,0.0,3.680000067,0.0,0,0,217,837,1756
6962181067,4/24/2016,5029,3.319999933,0,0.0,0.0,0.0,3.319999933,0.0,0,0,199,720,1705
6962181067,5/1/2016,5454,3.609999895,0,0.0,0.0,0.0,3.609999895,0.0,0,0,215,722,1740
6962181067,5/6/2016,5908,3.910000086,0,0.0,0.0,0.0,3.910000086,0.0,0,0,299,717,1850
6962181067,5/7/2016,6815,4.5,0,0.0,0.0,0.0,4.5,0.0,0,0,328,745,1947
6962181067,5/8/2016,4188,2.769999981,14,0.0,0.0,0.519999981,2.25,0.0,0,14,151,709,1659
6962181067,5/12/2016,3587,2.369999886,8,0.0,0.0,0.25,2.109999895,0.0,0,8,105,127,928
7007744171,4/15/2016,5273,3.529999971,0,0.0,0.0,0.0,3.529999971,0.0,0,0,202,1238,2098
7007744171,4/16/2016,4631,3.099999905,0,0.0,0.0,0.0,3.099999905,0.0,0,0,203,1155,2076
7007744171,4/17/2016,8059,5.389999866,0,0.0,0.0,0.0,5.389999866,0.0,0,0,305,1135,2383
7007744171,4/24/2016,11085,7.420000076,0,0.0,0.0,0.0,7.420000076,0.0,0,0,419,1021,2667
7007744171,4/30/2016,3761,2.519999981,0,0.0,0.0,0.0,2.519999981,0.0,0,0,200,1240,2051
7007744171,5/1/2016,5600,3.75,0,0.0,0.0,0.0,3.75,0.0,0,0,237,1142,2225
7086361926,4/16/2016,31,0.01,0,0.0,0.0,0.0,0.01,0.0,0,0,3,1437,1635
7086361926,4/23/2016,2817,1.809999943,0,0.0,0.0,0.0,1.799999952,0.0,0,0,90,1350,1965
7086361926,4/24/2016,3520,2.160000086,0,0.0,0.0,0.0,2.150000095,0.0,0,0,125,566,2049
8053475328,5/1/2016,1170,0.850000024,0,0.0,0.0,0.0,0.850000024,0.0,0,0,51,1389,1886
8053475328,5/2/2016,1969,1.429999948,0,0.0,0.0,0.0,1.429999948,0.0,0,0,95,1345,1988
8253242879,4/15/2016,2672,1.769999981,0,0.0,0.0,0.0,1.75999999,0.0,0,0,105,1335,1632
8253242879,4/19/2016,4212,2.779999971,0,0.0,0.0,0.0,2.779999971,0.0,0,0,164,1276,1763
8253242879,4/22/2016,2824,1.870000005,0,0.0,0.0,0.0,1.870000005,0.0,0,0,120,1320,1651
8378563200,4/17/2016,2132,1.690000057,0,0.0,0.0,0.0,1.690000057,0.0,0,0,93,599,2572
8378563200,4/24/2016,3703,2.940000057,0,0.0,0.0,0.0,2.940000057,0.0,0,0,135,734,2741
8378563200,4/30/2016,2946,2.339999914,0,0.0,0.0,0.0,2.339999914,0.0,0,0,121,780,2660
8378563200,5/7/2016,4468,3.539999962,0,0.0,0.0,0.0,3.539999962,0.0,0,0,158,851,2799
8378563200,5/8/2016,2943,2.329999924,0,0.0,0.0,0.0,2.329999924,0.0,0,0,139,621,2685
8583815059,4/12/2016,5014,3.910000086,7,0.0,0.0,0.330000013,3.579999924,0.0,0,7,196,1237,2650
8583815059,4/14/2016,3135,2.450000048,0,0.0,0.0,0.0,2.430000067,0.0,0,0,134,1306,2443
8583815059,4/15/2016,3430,2.680000067,0,0.0,0.0,0.0,0.899999976,0.0,0,0,65,1375,2505
8583815059,4/16/2016,5319,4.150000095,0,0.0,0.0,0.0,0.0,0.0,0,0,0,1440,2693
8583815059,4/17/2016,3008,2.349999905,0,0.0,0.0,0.0,0.0,0.0,0,0,0,1440,2439
8583815059,4/20/2016,5273,4.110000134,27,0.0,0.0,1.039999962,3.069999933,0.0,0,27,167,1246,2647
8583815059,4/28/2016,6174,4.820000172,28,0.0,0.0,1.200000048,3.609999895,0.0,0,28,203,1209,2757
8583815059,5/2/2016,8469,6.610000134,0,0.0,0.0,0.0,0.0,0.0,0,0,0,1440,2894
8583815059,5/3/2016,12015,9.369999886,0,0.0,0.0,0.0,0.0,0.0,0,0,0,1440,3212
8583815059,5/4/2016,3588,2.799999952,0,0.0,0.0,0.0,0.0,0.0,0,0,0,1440,2516
8583815059,5/5/2016,12427,9.68999958,0,0.0,0.0,0.0,1.179999948,0.0,0,0,70,1370,3266
8583815059,5/7/2016,6117,4.769999981,0,0.0,0.0,0.0,4.769999981,0.0,0,0,250,1190,2810
8792009665,4/12/2016,2564,1.639999986,0,0.0,0.0,0.0,1.639999986,0.0,0,0,116,831,2044
8792009665,4/13/2016,1320,0.839999974,0,0.0,0.0,0.0,0.839999974,0.0,0,0,82,806,1934
8792009665,4/14/2016,1219,0.779999971,0,0.0,0.0,0.0,0.779999971,0.0,0,0,84,853,1963
8792009665,4/15/2016,2483,1.590000033,0,0.0,0.0,0.0,1.590000033,0.0,0,0,126,937,2009
8792009665,4/16/2016,244,0.159999996,0,0.0,0.0,0.0,0.159999996,0.0,0,0,12,1428,1721
8792009665,4/20/2016,3147,2.00999999,10,0.0,0.0,0.280000001,1.74000001,0.0,0,10,139,744,2188
8792009665,4/21/2016,144,0.090000004,0,0.0,0.0,0.0,0.090000004,0.0,0,0,9,1431,1720
8792009665,4/26/2016,1321,0.850000024,0,0.0,0.0,0.0,0.850000024,0.0,0,0,80,1360,1928
8792009665,4/27/2016,1758,1.129999995,0,0.0,0.0,0.0,1.129999995,0.0,0,0,112,900,2067
8792009665,4/28/2016,6157,3.940000057,0,0.0,0.0,0.0,3.940000057,0.0,0,0,310,714,2780
8792009665,5/1/2016,1619,1.039999962,0,0.0,0.0,0.0,1.039999962,0.0,0,0,79,834,1962
8792009665,5/2/2016,1831,1.169999957,0,0.0,0.0,0.0,1.169999957,0.0,0,0,101,916,2015
8792009665,5/3/2016,2421,1.549999952,0,0.0,0.0,0.0,1.549999952,0.0,0,0,156,739,2297
8792009665,5/4/2016,2283,1.460000038,0,0.0,0.0,0.0,1.460000038,0.0,0,0,129,848,2067
8877689391,4/17/2016,15118,8.869999886,73,0.0,0.0,0.07,8.789999962,0.0,58,15,307,1060,3545
8877689391,5/2/2016,4790,3.640000105,0,0.0,0.0,0.0,3.559999943,0.0,0,0,105,1335,2189
4020332650,5/9/2016,4556,3.269999981,8,0.0,0.200000003,0.119999997,2.940000057,0.0,3,5,173,1225,2785
4319703577,5/11/2016,9129,6.130000114,21,0.0,0.200000003,0.74000001,5.179999828,0.0,3,18,311,574,2232
4020332650,4/12/2016,8539,6.119999886,19,0.0,0.150000006,0.239999995,5.679999828,0.0,4,15,331,712,3654
8583815059,4/13/2016,5571,4.349999905,25,0.0,0.150000006,0.970000029,3.230000019,0.0,2,23,163,1252,2654
8583815059,4/30/2016,10085,7.869999886,30,0.0,0.150000006,1.279999971,6.429999828,0.0,2,28,317,1093,3164
4319703577,4/13/2016,8204,5.5,23,0.0,0.529999971,0.589999974,1.309999943,0.0,8,15,96,1234,2135
4388161847,5/11/2016,10201,7.840000153,26,0.0,0.529999971,0.790000021,6.53000021,0.0,8,18,256,858,2954
8583815059,4/19/2016,5697,4.440000057,17,0.0,0.529999971,0.479999989,3.440000057,0.0,7,10,166,1257,2668
4388161847,4/14/2016,8863,6.820000172,45,0.0,0.129999995,1.070000052,5.619999886,0.0,10,35,219,945,2998
6775888955,5/7/2016,1967,1.409999967,7,0.0,0.129999995,0.239999995,1.049999952,0.0,2,5,49,551,1032
7007744171,4/23/2016,8093,5.409999847,27,0.0,0.129999995,1.129999995,4.150000095,0.0,2,25,223,1190,2284
1644430081,4/25/2016,3580,2.599999905,9,0.0,0.589999974,0.059999999,1.950000048,0.0,8,1,94,1337,2497
4319703577,5/4/2016,10429,7.019999981,21,0.0,0.589999974,0.579999983,5.849999905,0.0,8,13,313,1106,2282
4558609924,4/15/2016,7795,5.150000095,47,0.0,0.589999974,0.839999974,3.730000019,0.0,17,30,262,1131,2121
4558609924,4/25/2016,8095,5.349999905,28,0.0,0.589999974,0.25,4.510000229,0.0,18,10,340,993,2225
1927972279,5/1/2016,2704,1.870000005,15,0.0,1.00999999,0.029999999,0.829999983,0.0,14,1,70,1355,2411
4319703577,4/28/2016,10817,7.28000021,21,0.0,1.00999999,0.330000013,5.940000057,0.0,13,8,359,552,2367
4388161847,5/1/2016,10255,7.889999866,27,0.0,1.00999999,0.680000007,6.199999809,0.0,12,15,241,579,2926
4558609924,5/5/2016,10611,7.010000229,22,0.0,1.00999999,0.5,5.510000229,0.0,14,8,370,1048,2262
1503960366,4/29/2016,11181,7.150000095,28,0.0,1.059999943,0.5,5.579999924,0.0,16,12,243,815,1837
4702921684,4/29/2016,9930,8.050000191,31,0.0,1.059999943,0.920000017,6.070000172,0.0,12,19,267,692,3165
5553957443,5/2/2016,9769,6.380000114,32,0.0,1.059999943,0.409999996,4.900000095,0.0,23,9,227,724,1996
2347167796,4/20/2016,10999,7.269999981,54,0.0,0.680000007,1.809999943,4.78000021,0.0,11,43,269,1011,2198
4388161847,4/21/2016,10055,7.730000019,19,0.0,0.370000005,0.389999986,6.980000019,0.0,7,12,272,853,3069
1844505072,4/17/2016,4525,2.99000001,10,0.0,0.140000001,0.25999999,2.589999914,0.0,2,8,199,1231,1793
4319703577,5/9/2016,10378,6.960000038,16,0.0,0.140000001,0.560000002,6.25,0.0,2,14,374,490,2345
8583815059,5/6/2016,5843,4.559999943,24,0.0,0.140000001,1.190000057,3.230000019,0.0,2,22,166,1250,2683
8792009665,4/29/2016,8360,5.349999905,20,0.0,0.140000001,0.280000001,4.929999828,0.0,6,14,380,634,3101
2320127002,5/2/2016,3634,2.450000048,11,0.0,0.360000014,0.209999993,1.879999995,0.0,5,6,123,1306,1613
4020332650,4/15/2016,1882,1.350000024,54,0.0,0.209999993,0.360000014,0.769999981,0.0,36,18,87,1299,2951
4057192912,4/15/2016,3984,2.950000048,9,0.0,0.209999993,0.25999999,2.440000057,0.0,3,6,88,873,1527
4319703577,5/10/2016,9487,6.369999886,15,0.0,0.209999993,0.460000008,5.699999809,0.0,3,12,329,555,2260
4388161847,4/16/2016,6580,5.059999943,15,0.0,0.209999993,0.400000006,4.449999809,0.0,6,9,253,609,3073
2347167796,4/17/2016,5472,3.619999886,8,0.0,0.079999998,0.280000001,3.25999999,0.0,1,7,249,508,1882
4702921684,5/6/2016,6943,5.630000114,17,0.0,0.079999998,0.660000026,4.869999886,0.0,1,16,207,682,2859
4702921684,5/10/2016,10613,8.609999657,38,0.0,0.079999998,1.879999995,6.650000095,0.0,1,37,262,701,3172
6117666160,4/20/2016,10449,8.020000458,36,0.0,2.029999971,0.479999989,5.519999981,0.0,26,10,349,587,2536
7086361926,4/14/2016,9123,6.119999886,67,0.0,2.029999971,0.330000013,3.660000086,0.0,35,32,189,787,2734
4388161847,5/9/2016,10218,7.860000134,25,0.0,0.340000004,0.730000019,6.789999962,0.0,6,19,258,1020,3013
4558609924,4/23/2016,6890,4.550000191,10,0.0,0.340000004,0.200000003,4.010000229,0.0,5,5,308,1122,2085
4702921684,5/4/2016,8161,6.619999886,19,0.0,0.340000004,0.730000019,5.539999962,0.0,4,15,251,757,3004
2320127002,4/21/2016,3404,2.289999962,11,0.0,0.059999999,0.419999987,1.809999943,0.0,1,10,127,1302,1610
4319703577,4/22/2016,4500,3.019999981,20,0.0,0.059999999,0.810000002,2.150000095,0.0,1,19,176,709,1886
4319703577,4/24/2016,4081,2.74000001,6,0.0,0.059999999,0.200000003,2.470000029,0.0,1,5,191,692,1880
4388161847,4/13/2016,10993,8.449999809,15,0.0,0.059999999,0.629999995,3.880000114,0.0,1,14,150,1275,3092
6775888955,4/28/2016,703,0.5,15,0.0,0.059999999,0.200000003,0.239999995,0.0,2,13,15,1410,1993
2022484408,5/5/2016,11895,8.350000381,75,0.0,2.789999962,0.860000014,4.699999809,0.0,55,20,253,1112,2609
4388161847,5/4/2016,12375,9.520000458,56,0.0,2.789999962,0.930000007,5.800000191,0.0,35,21,251,632,3162
5553957443,4/29/2016,12764,8.329999924,61,0.0,2.789999962,0.639999986,4.909999847,0.0,46,15,270,709,2169
6962181067,4/17/2016,10145,6.710000038,18,0.0,0.330000013,0.680000007,5.690000057,0.0,5,13,295,634,2027
8378563200,4/27/2016,7359,5.840000153,8,0.0,0.330000013,0.180000007,5.329999924,0.0,4,4,192,676,3061
8792009665,4/30/2016,7174,4.590000153,30,0.0,0.330000013,0.360000014,3.910000086,0.0,10,20,301,749,2896
3977333714,4/28/2016,7114,4.880000114,23,0.0,1.370000005,0.289999992,3.220000029,0.0,15,8,190,804,1407
4388161847,4/19/2016,10181,7.829999924,36,0.0,1.370000005,0.689999998,5.769999981,0.0,20,16,249,704,3015
4558609924,4/22/2016,9601,6.349999905,45,0.0,1.370000005,1.5,3.470000029,0.0,20,25,273,1122,2094
5553957443,4/12/2016,11596,7.570000172,32,0.0,1.370000005,0.790000021,5.409999847,0.0,19,13,277,767,2026
1644430081,5/2/2016,3758,2.730000019,8,0.0,0.07,0.310000002,2.349999905,0.0,1,7,148,682,2580
1927972279,4/24/2016,2090,1.450000048,7,0.0,0.07,0.239999995,1.139999986,0.0,1,6,75,1358,2324
2347167796,4/15/2016,10465,6.920000076,25,0.0,0.07,1.419999957,5.429999828,0.0,1,24,284,720,2133
2873212765,4/18/2016,7762,5.239999771,7,0.0,0.07,0.280000001,4.889999866,0.0,1,6,311,1122,1890
4319703577,4/18/2016,2276,1.549999952,10,0.0,0.07,0.330000013,1.120000005,0.0,1,9,58,824,1632
4702921684,4/15/2016,6506,5.28000021,9,0.0,0.07,0.419999987,4.789999962,0.0,1,8,256,944,2896
4702921684,4/26/2016,6108,4.949999809,9,0.0,0.07,0.349999994,4.539999962,0.0,1,8,216,765,2784
1844505072,4/24/2016,0,0.0,0,0.0,0.0,0.0,0.0,0.0,0,0,0,1440,1347
1844505072,4/25/2016,0,0.0,0,0.0,0.0,0.0,0.0,0.0,0,0,0,1440,1347
1844505072,4/26/2016,0,0.0,0,0.0,0.0,0.0,0.0,0.0,0,0,0,1440,1347
1844505072,5/2/2016,0,0.0,0,0.0,0.0,0.0,0.0,0.0,0,0,0,1440,1348
1844505072,5/7/2016,0,0.0,0,0.0,0.0,0.0,0.0,0.0,0,0,0,1440,1347
1844505072,5/8/2016,0,0.0,0,0.0,0.0,0.0,0.0,0.0,0,0,0,1440,1347
1844505072,5/9/2016,0,0.0,0,0.0,0.0,0.0,0.0,0.0,0,0,0,1440,1347
1844505072,5/10/2016,0,0.0,0,0.0,0.0,0.0,0.0,0.0,0,0,0,1440,1347
1844505072,5/11/2016,0,0.0,0,0.0,0.0,0.0,0.0,0.0,0,0,0,1440,1347
1844505072,5/12/2016,0,0.0,0,0.0,0.0,0.0,0.0,0.0,0,0,0,711,665
1927972279,4/16/2016,0,0.0,0,0.0,0.0,0.0,0.0,0.0,0,0,0,1440,2064
1927972279,4/17/2016,0,0.0,0,0.0,0.0,0.0,0.0,0.0,0,0,0,1440,2063
1927972279,4/19/2016,0,0.0,0,0.0,0.0,0.0,0.0,0.0,0,0,0,1440,2063
1927972279,4/20/2016,0,0.0,0,0.0,0.0,0.0,0.0,0.0,0,0,0,1440,2063
1927972279,4/21/2016,0,0.0,0,0.0,0.0,0.0,0.0,0.0,0,0,0,1440,2064
1927972279,4/27/2016,0,0.0,0,0.0,0.0,0.0,0.0,0.0,0,0,0,1440,2063
1927972279,4/29/2016,0,0.0,0,0.0,0.0,0.0,0.0,0.0,0,0,0,1440,2063
1927972279,4/30/2016,0,0.0,0,0.0,0.0,0.0,0.0,0.0,0,0,0,1440,2064
1927972279,5/5/2016,0,0.0,0,0.0,0.0,0.0,0.0,0.0,0,0,0,1440,2063
1927972279,5/8/2016,0,0.0,0,0.0,0.0,0.0,0.0,0.0,0,0,0,1440,2063
1927972279,5/9/2016,0,0.0,0,0.0,0.0,0.0,0.0,0.0,0,0,0,1440,2063
1927972279,5/10/2016,0,0.0,0,0.0,0.0,0.0,0.0,0.0,0,0,0,1440,2063
1927972279,5/11/2016,0,0.0,0,0.0,0.0,0.0,0.0,0.0,0,0,0,1440,2063
1927972279,5/12/2016,0,0.0,0,0.0,0.0,0.0,0.0,0.0,0,0,0,966,1383
4020332650,4/13/2016,0,0.0,0,0.0,0.0,0.0,0.0,0.0,0,0,0,1440,1981
4020332650,4/19/2016,0,0.0,0,0.0,0.0,0.0,0.0,0.0,0,0,0,1440,1980
4020332650,4/20/2016,0,0.0,0,0.0,0.0,0.0,0.0,0.0,0,0,0,1440,1980
4020332650,4/21/2016,0,0.0,0,0.0,0.0,0.0,0.0,0.0,0,0,0,1440,1980
4020332650,4/22/2016,0,0.0,0,0.0,0.0,0.0,0.0,0.0,0,0,0,1440,1980
4020332650,4/23/2016,0,0.0,0,0.0,0.0,0.0,0.0,0.0,0,0,0,1440,1980
4020332650,4/24/2016,0,0.0,0,0.0,0.0,0.0,0.0,0.0,0,0,0,1440,1980
4020332650,4/25/2016,0,0.0,0,0.0,0.0,0.0,0.0,0.0,0,0,0,1440,1980
4020332650,4/26/2016,0,0.0,0,0.0,0.0,0.0,0.0,0.0,0,0,0,1440,1980
4020332650,4/27/2016,0,0.0,0,0.0,0.0,0.0,0.0,0.0,0,0,0,1440,1980
4020332650,4/28/2016,0,0.0,0,0.0,0.0,0.0,0.0,0.0,0,0,0,1440,1980
4020332650,4/29/2016,0,0.0,0,0.0,0.0,0.0,0.0,0.0,0,0,0,1440,1980
4020332650,4/30/2016,0,0.0,0,0.0,0.0,0.0,0.0,0.0,0,0,0,1440,1980
4020332650,5/1/2016,0,0.0,0,0.0,0.0,0.0,0.0,0.0,0,0,0,1440,1980
4057192912,4/14/2016,0,0.0,0,0.0,0.0,0.0,0.0,0.0,0,0,0,1440,1776
4702921684,5/1/2016,0,0.0,0,0.0,0.0,0.0,0.0,0.0,0,0,0,1440,2017
5577150313,5/7/2016,0,0.0,0,0.0,0.0,0.0,0.0,0.0,0,0,0,1440,1819
5577150313,5/8/2016,0,0.0,0,0.0,0.0,0.0,0.0,0.0,0,0,0,1440,1819
6117666160,4/12/2016,0,0.0,0,0.0,0.0,0.0,0.0,0.0,0,0,0,1440,1496
6117666160,4/13/2016,0,0.0,0,0.0,0.0,0.0,0.0,0.0,0,0,0,1440,1496
6117666160,4/14/2016,0,0.0,0,0.0,0.0,0.0,0.0,0.0,0,0,0,1440,1496
6117666160,4/25/2016,0,0.0,0,0.0,0.0,0.0,0.0,0.0,0,0,0,1440,1497
6117666160,5/3/2016,0,0.0,0,0.0,0.0,0.0,0.0,0.0,0,0,0,1440,1496
6290855005,4/21/2016,0,0.0,0,0.0,0.0,0.0,0.0,0.0,0,0,0,1440,2060
6290855005,4/23/2016,0,0.0,33,0.0,0.0,0.0,0.0,0.0,33,0,0,1407,2664
6290855005,4/26/2016,0,0.0,0,0.0,0.0,0.0,0.0,0.0,0,0,0,1440,2060
6290855005,4/29/2016,0,0.0,0,0.0,0.0,0.0,0.0,0.0,0,0,0,1440,2060
6775888955,4/12/2016,0,0.0,0,0.0,0.0,0.0,0.0,0.0,0,0,0,1440,1841
6775888955,4/19/2016,0,0.0,0,0.0,0.0,0.0,0.0,0.0,0,0,0,1440,1841
6775888955,4/21/2016,0,0.0,0,0.0,0.0,0.0,0.0,0.0,0,0,0,1440,1841
6775888955,4/23/2016,0,0.0,0,0.0,0.0,0.0,0.0,0.0,0,0,0,1440,1841
6775888955,4/27/2016,0,0.0,0,0.0,0.0,0.0,0.0,0.0,0,0,0,1440,1841
6775888955,4/29/2016,0,0.0,0,0.0,0.0,0.0,0.0,0.0,0,0,0,1440,1841
6775888955,5/2/2016,0,0.0,0,0.0,0.0,0.0,0.0,0.0,0,0,0,1440,1841
6775888955,5/4/2016,0,0.0,0,0.0,0.0,0.0,0.0,0.0,0,0,0,1440,1841
6775888955,5/5/2016,0,0.0,0,0.0,0.0,0.0,0.0,0.0,0,0,0,1440,1841
7007744171,5/4/2016,0,0.0,0,0.0,0.0,0.0,0.0,0.0,0,0,0,1440,1557
7086361926,4/17/2016,0,0.0,0,0.0,0.0,0.0,0.0,0.0,0,0,0,1440,1629
8792009665,4/17/2016,0,0.0,0,0.0,0.0,0.0,0.0,0.0,0,0,0,1440,1688
8792009665,4/18/2016,0,0.0,0,0.0,0.0,0.0,0.0,0.0,0,0,0,1440,1688
8792009665,4/19/2016,0,0.0,0,0.0,0.0,0.0,0.0,0.0,0,0,0,1440,1688
8792009665,4/25/2016,0,0.0,0,0.0,0.0,0.0,0.0,0.0,0,0,0,1440,1688
8792009665,5/5/2016,0,0.0,0,0.0,0.0,0.0,0.0,0.0,0,0,0,1440,1688
8792009665,5/6/2016,0,0.0,0,0.0,0.0,0.0,0.0,0.0,0,0,0,1440,1688
8792009665,5/7/2016,0,0.0,0,0.0,0.0,0.0,0.0,0.0,0,0,0,1440,1688
8792009665,5/8/2016,0,0.0,0,0.0,0.0,0.0,0.0,0.0,0,0,0,1440,1688
8792009665,5/9/2016,0,0.0,0,0.0,0.0,0.0,0.0,0.0,0,0,0,1440,1688
