Country,1990,1991,1992,1993,1994,1995,1996,1997,1998,1999,2000,2001,2002,2003,2004,2005,2006,2007,2008,2009,2010,2011,2012,2013,2014,2015,2016,2017,2018,2019,2020,2021
Afghanistan,,,,,,,,,,,,,,,,,,,,,,,,,1.01,0.4,168.16,,43.92,52.04,5.97,2.93
Albania,,,,,,,41.0,0.0,19.0,0.0,0.0,0.0,0.0,0.0,0.0,2.0,1.0,0.0,3.0,0.0,7.0,0.0,2.0,1.0,,,0.23,,,,4.19,8.91
Algeria,0.0,0.0,0.0,0.0,0.0,0.0,0.0,0.0,0.0,1.0,1.0,0.0,0.0,1.0,0.0,0.0,1.0,0.0,0.0,0.0,0.0,0.0,0.0,1.0,,0.04,0.23,1.02,6.26,2.98,5.47,9.13
Angola,0.0,0.0,0.0,0.0,0.0,0.0,0.0,0.0,0.0,0.0,0.0,0.0,0.0,150.0,150.0,150.0,150.0,150.0,150.0,150.0,150.0,150.0,150.0,0.0,0.01,6.98,0.17,0.94,2.66,20.12,5.07,5.48
Antigua and Barbuda,,,,,,,,,,,,,,,,,,,,,,0.0,83.0,0.0,1.03,0.01,0.01,,,0.01,0.02,45.8
Argentina,46072.0,36029.0,36530.0,44258.0,43355.0,41175.0,35042.0,56806.0,58987.0,52144.0,49999.71,58110.0,57643.0,59062.0,67819.0,68270.0,72056.0,75767.0,77498.0,69816.0,85695.0,86650.0,78056.0,77291.0,76892.3,76029.13,78176.97,74921.24,72619.29,75321.95,65977.89,64201.15
Armenia,,,,,,14.0,0.0,,,44.0,0.0,0.0,0.0,0.0,0.0,3.0,2.0,0.0,0.0,0.0,1.0,0.0,4.0,4.0,9.89,56.19,12.0,13.29,25.35,11.59,40.12,91.04
Australia,365.0,273.0,214.0,344.0,1688.0,2463.0,3123.0,2979.0,2655.0,2424.0,1777.0,792.0,783.0,811.0,650.0,664.0,443.0,649.0,1447.0,1618.0,1299.0,1118.0,828.0,1244.0,1416.87,846.83,1371.43,1365.99,1185.26,1407.04,1232.37,1217.81
Austria,382.0,258.0,253.0,570.0,684.0,794.0,651.0,971.0,631.0,682.0,489.0,594.0,442.0,779.0,804.0,1187.0,2066.0,2343.0,2098.0,1978.0,2201.0,1953.0,2089.0,2183.0,2209.03,1638.89,1514.22,1005.01,1047.69,974.91,1148.95,1283.88
Azerbaijan,,,,22.0,1972.0,1274.0,918.0,1563.0,1200.0,2468.0,1229.0,1571.0,2284.0,1853.0,6747.0,5213.0,6422.0,5988.0,5252.0,6265.0,8126.0,7520.0,7036.0,7586.0,5440.5,,,,1367.02,1505.94,1357.23,1115.66
Bahamas,,,,,,,,,,,47.0,19.0,19.0,1.0,0.0,0.0,0.0,0.0,0.0,1.0,0.0,0.0,0.0,0.0,,,0.0,0.01,0.35,0.13,,0.44
Bahrain,0.0,0.0,0.0,0.0,0.0,0.0,0.0,0.0,0.0,0.0,,,19.0,46.0,120.0,28.0,17.0,3.0,3.0,2.0,10.0,25.0,4.0,3.0,19.53,7.79,43.98,43.24,16.99,35.32,12.44,28.82
Bangladesh,21126.0,26862.0,24990.0,29620.0,29040.0,26430.0,20981.0,21740.0,25049.0,21494.0,11000.0,6400.0,3964.0,7348.0,10635.0,12560.0,7842.0,5269.0,8259.0,5339.0,1981.0,945.0,838.0,665.0,2475.33,573.86,721.32,2148.82,949.11,879.66,2224.8,869.48
Barbados,0.0,0.0,0.0,0.0,1.0,2.0,17.0,40.0,49.0,41.0,41.0,30.0,3.0,0.0,0.0,6.0,3.0,1.0,1.0,1.0,2.0,1.0,2.0,3.0,2.39,2.98,9.74,2.64,2.44,2.43,2.48,2.12
Belarus,,,,,,6.0,31.0,204.0,845.0,230.0,293.0,181.0,321.0,164.0,112.0,90.0,59.0,40.0,60.0,5.0,19.0,177.0,368.0,389.0,24.04,42.39,150.68,181.66,350.52,493.41,730.67,1080.69
Belgium,,,,,,,,,,,10859.0,4821.0,7766.0,7750.0,6049.0,5229.0,7002.0,8075.0,8167.0,7859.0,10082.0,15397.0,15050.0,13323.0,14334.18,14530.53,14385.3,14063.45,11181.57,12084.05,9572.45,8748.42
Belgium-Luxembourg,1397.0,1537.0,2047.0,3627.0,4636.0,3102.0,4093.0,3992.0,4938.0,5981.0,,,,,,,,,,,,,,,,,,,,,,
Belize,20.0,8.0,8.0,1.0,2.0,0.0,2.0,0.0,0.0,0.0,199.0,0.0,0.0,5.0,0.0,6.0,0.0,5.0,0.0,0.0,0.0,2.0,0.0,0.0,0.0,,,,4.87,3.52,6.12,8.19
Benin,,,,,,,,,,,,,,,,,,,,,,,0.0,0.0,,22.1,1.11,,2961.56,,,
Bhutan,,,,,,,,2.0,2.0,2.0,2.0,2.0,2.0,0.0,0.0,0.0,9.0,0.0,0.0,0.0,0.0,0.0,0.0,0.0,0.1,,0.04,0.15,,0.05,0.05,0.34
Bolivia (Plurinational State of),,,,,,,,,,,1.38,1.0,0.0,0.0,5.0,23.0,14.0,7.0,8.0,7.0,11.0,15.0,12.0,5.0,5.19,8.66,6.16,7.18,12.66,1.05,0.03,0.23
Bosnia and Herzegovina,,,,,,,,,,,,,,4.0,1.0,6.0,10.0,9.0,2.0,4.0,8.0,1.0,1.0,1.0,0.31,0.57,0.63,0.62,0.51,1.32,9.61,1.97
Botswana,23.0,26.0,18.0,5.0,14.0,2.0,33.0,58.0,53.0,42.0,211.0,32.0,33.0,9.0,0.0,0.0,0.0,2.0,9.0,13.0,6.0,3.0,17.0,2.0,5.62,1.31,3.63,2.99,0.51,0.47,0.04,0.29
Brazil,7976.0,7347.0,8211.0,8335.0,8377.0,7252.0,3891.0,3404.0,3208.0,2914.0,3714.13,4082.0,3979.0,4209.0,3593.0,3407.0,3238.0,3298.0,3034.0,2326.0,2542.0,1965.0,1643.0,623.0,447.0,399.12,367.49,297.49,227.05,305.47,235.41,181.58
Brunei Darussalam,20.0,0.0,0.0,0.0,0.0,0.0,0.0,0.0,5.0,25.0,30.0,36.0,0.0,0.0,0.0,0.0,3.0,12.0,12.0,53.0,53.0,53.0,53.0,3.0,0.03,0.0,0.5,1.33,1.77,6.66,0.65,1.31
Bulgaria,,,,296.0,604.0,66.0,84.0,39.0,44.0,50.0,50.0,494.0,19.0,2.0,4.0,3.0,4.0,3.0,17.0,3.0,12.0,21.0,45.0,27.0,65.61,179.34,470.99,582.56,775.88,465.32,50.36,19.45
Burkina Faso,0.0,0.0,0.0,0.0,0.0,0.0,0.0,0.0,0.0,0.0,0.0,0.0,0.0,5.0,0.0,1.0,10.0,2.0,2.0,0.0,39.0,0.0,0.0,5.0,0.89,,5.09,0.17,0.07,0.05,17.86,16.34
Burundi,3920.0,5143.0,5696.0,5281.0,6605.0,6678.0,3939.0,6330.0,6071.75,1639.0,3482.32,8706.0,638.0,792.0,753.0,746.0,5974.0,2437.0,6149.0,6454.0,7769.0,3721.0,9730.0,10062.0,10443.86,10032.07,10653.67,9576.75,10494.82,10086.23,9121.56,11388.45
Cabo Verde,,,,,,,,,,,,,,,,0.0,0.0,0.0,0.0,0.0,0.0,0.0,0.0,0.0,0.13,0.13,,,,,,0.0
Cambodia,0.0,0.0,0.0,0.0,0.0,0.0,0.0,0.0,0.0,0.0,0.0,0.0,0.0,7.0,0.0,0.0,0.0,0.0,0.0,0.0,0.0,0.0,0.0,0.0,,0.33,0.02,0.19,0.09,0.67,0.04,0.02
Cameroon,3262.0,45.0,0.0,129.0,0.0,253.0,76.0,0.0,0.05,2.0,0.0,0.0,0.0,1.0,0.0,113.0,18.0,0.0,19.0,2.0,1.0,1.0,0.0,0.0,15.15,21.42,21.43,10.6,5.39,89.42,20.49,4.85
Canada,367.0,551.0,571.0,496.0,437.0,432.0,518.0,517.0,657.0,719.0,1335.07,1120.0,1211.0,2001.0,2742.0,3171.0,3482.0,3799.0,3247.0,3007.0,2366.0,2227.0,2517.0,2326.0,2043.12,2265.36,2442.29,3004.76,2680.95,3247.9,3018.11,1858.1
Central African Republic,0.0,0.0,0.0,0.0,0.0,0.0,0.0,0.0,0.0,0.0,13.0,0.0,0.0,0.0,0.0,0.0,0.0,0.0,0.0,0.0,0.0,0.0,0.0,0.0,,,,,,,,
Chad,0.0,0.0,0.0,0.0,0.0,0.0,0.0,0.0,0.0,30.0,30.0,115.0,127.0,31.0,41.0,41.0,78.0,14.0,14.0,14.0,14.0,14.0,14.0,1.0,9.11,2.14,8.94,31.38,36.05,,,0.0
Chile,179.0,228.0,219.0,217.0,345.0,383.0,383.0,522.0,308.0,262.42,292.89,1172.0,830.0,779.0,660.0,764.0,787.0,777.0,504.0,492.0,421.0,348.0,364.0,276.0,329.83,251.62,315.91,340.33,339.58,294.98,234.45,1003.56
China,211099.0,205798.0,201303.0,223768.0,201341.0,183312.0,184942.0,215180.0,227270.0,209496.0,237960.27,258594.0,258882.0,266046.0,285443.0,291054.0,290743.0,294329.0,302020.0,307434.0,307777.0,327650.0,319357.0,332172.0,307480.34,331750.97,336618.46,367549.95,380859.86,385783.38,361799.3,384097.31
"China, Hong Kong SAR",9169.0,14483.0,19741.0,16734.0,17161.0,13464.0,11674.0,9654.0,7829.0,6566.0,6994.19,6165.0,3799.0,3180.0,2618.0,2055.0,1863.0,1859.0,1959.0,1785.0,2295.0,2255.0,2455.0,2167.0,2172.01,1834.86,2160.9,4449.57,7136.95,8673.5,4966.01,5583.67
"China, Macao SAR",718.0,1127.0,728.0,375.0,109.0,60.0,123.0,145.0,116.0,249.0,269.9,225.0,208.0,203.0,182.0,185.0,255.0,271.0,272.0,297.0,325.0,0.0,275.0,280.0,86.82,220.6,,188.65,110.88,,,190.89
"China, Taiwan Province of",5741.0,5316.0,5296.0,5224.0,4403.0,3216.0,3475.0,2918.0,2501.0,3073.0,3034.58,2559.0,2603.0,2749.0,2450.0,2251.0,2031.0,2583.0,2843.0,2400.0,2632.0,2815.0,3143.0,3919.0,3737.33,4744.47,5758.26,7653.47,8796.91,10303.86,8018.54,8968.78
"China, mainland",195471.0,184872.0,175538.0,201435.0,179668.0,166572.0,169670.0,202463.0,216824.0,199608.0,227661.6,249645.0,252272.0,259914.0,280193.0,286563.0,286594.0,289616.0,296946.0,302952.0,302525.0,322580.0,313484.0,325806.0,301484.18,324951.04,328699.3,355258.26,364815.11,366806.03,348814.75,369353.98
Colombia,0.0,97.0,3.0,1.0,0.0,0.0,4.0,0.0,0.0,2.0,0.0,3.0,21.0,23.0,11.0,11.0,4.0,9.0,150.0,82.0,45.0,30.0,31.0,83.0,96.71,80.45,108.79,118.91,156.98,195.42,177.53,184.91
Comoros,,,,,,,,1.0,,,,0.0,0.0,0.0,0.0,0.0,22.0,0.0,0.0,0.0,0.0,0.0,0.0,0.0,,,,,,0.67,,
Congo,0.0,0.0,0.0,0.0,0.0,0.0,0.0,0.0,0.0,0.0,11.0,30.0,12.0,0.0,0.0,3.0,12.0,0.0,167.0,0.0,0.0,90.0,72.0,20.0,0.23,,0.04,,0.05,,,
Cook Islands,,,,,,,,,,,,,,,,,,,,,,,,,0.0,,,0.0,0.07,,0.0,
Costa Rica,0.0,2.0,18.0,137.0,1.0,1.0,3.0,3.0,2.0,0.06,1.02,7.0,79.0,54.0,43.0,50.0,38.0,44.0,96.0,69.0,73.0,91.0,131.0,112.0,74.61,89.61,83.28,89.23,84.5,63.6,198.5,79.33
Croatia,,,48.0,39.0,81.0,55.0,69.0,21.0,23.0,24.0,8.0,8.0,12.0,17.0,17.0,14.0,18.0,21.0,21.0,45.0,45.0,30.0,38.0,46.0,41.66,41.99,34.53,37.26,32.8,40.15,37.57,46.29
Cuba,,,,,,,,,,,,,,,,,,,,,,,,,0.0,0.0,0.01,,0.01,0.03,,1.06
Cyprus,1.0,1.0,5.0,31.0,32.0,9.0,63.0,145.0,24.0,37.0,0.14,0.0,0.0,2.0,1.0,1.0,0.0,16.0,4.0,0.0,1.0,2.0,0.0,1.0,0.04,0.16,0.22,1.28,2.36,0.58,3.97,0.54
Czechia,,,,431.0,509.0,166.0,155.0,221.0,266.0,249.0,211.96,239.0,180.0,155.0,156.0,174.0,246.0,291.0,653.0,271.0,376.0,603.0,467.0,722.0,908.8,729.18,1006.83,503.58,351.38,408.41,492.13,564.33
Czechoslovakia,320.0,22.0,0.0,,,,,,,,,,,,,,,,,,,,,,,,,,,,,
Côte d'Ivoire,0.0,0.0,0.0,0.0,0.0,65.0,181.0,138.89,264.52,329.69,322.06,7682.0,334.0,279.0,244.0,382.0,395.0,570.0,491.0,618.0,376.0,498.0,1062.0,414.0,417.76,285.81,202.66,205.34,233.69,278.71,357.11,50.35
Democratic People's Republic of Korea,,,,,,,,,,,,,,,,,,,,,,,,,0.17,0.08,0.51,0.01,,3.1,0.04,0.45
Democratic Republic of the Congo,2613.0,2027.0,902.0,2353.0,1784.0,515.0,1559.0,1341.0,50.0,40.0,87.0,14.0,53.0,146.0,55.0,299.0,131.0,21.0,6.0,6.0,90.0,35.0,65.0,11.0,7.69,12.78,507.62,593.87,379.59,,0.18,4.1
Denmark,187.0,208.0,180.0,173.0,131.0,96.0,172.0,390.0,408.0,361.0,422.0,479.0,481.0,281.0,194.0,160.0,213.0,242.0,485.0,520.0,520.0,557.0,606.0,626.0,571.39,548.76,492.49,424.27,557.95,441.46,443.93,490.4
Djibouti,0.0,1.0,0.0,0.0,0.0,0.0,0.0,0.0,1709.0,0.0,0.0,36.0,883.0,153.0,259.0,30.0,6.0,0.0,0.0,0.0,0.0,0.0,20.0,30.0,0.13,0.95,97.16,297.87,330.4,505.66,642.55,628.64
Dominica,,,,,,1.0,0.0,0.0,0.0,0.0,0.0,0.0,0.0,0.0,0.0,0.0,0.0,0.0,0.0,0.0,0.0,0.0,0.0,0.0,0.04,0.36,1.95,0.22,,0.01,0.01,0.95
Dominican Republic,,,,,,,,,,,,,,,,,,,,,,,1.0,8.0,3.43,4.34,11.19,24.7,4.21,7.84,0.78,6.62
Ecuador,1094.0,1444.0,1458.0,1512.0,1470.0,1074.0,1159.0,1195.0,1316.0,1250.0,1165.8,1284.0,1185.0,1094.0,1036.0,1066.0,840.0,724.0,513.0,640.0,625.0,557.0,633.0,697.0,748.51,829.77,697.42,763.88,711.25,590.72,622.7,591.82
Egypt,21.0,248.0,20.0,321.0,227.0,123.0,270.0,243.0,292.0,269.0,929.02,734.0,1378.0,1574.0,1315.0,1336.0,1786.0,1962.0,1252.0,4669.0,1919.0,4722.0,5130.0,4678.0,2384.54,1935.29,2649.61,787.0,737.53,1749.32,1463.31,1580.72
El Salvador,4.0,23.0,25.0,49.0,83.0,64.0,118.0,201.0,323.0,346.0,334.83,423.0,387.0,304.0,168.0,237.0,160.0,553.0,2247.0,57.0,14.0,4.0,6.0,11.0,4.25,7.99,4.25,4.96,1.36,22.49,0.74,7.27
Equatorial Guinea,,,,,,,,,,,,,,,,,,,,,,,,,0.01,,,,2.3,,,
Eritrea,,,,,,,,,,,,,,,,,,,,,,,,,,0.02,,,,,,
Estonia,,,,56.0,184.0,75.0,94.0,289.0,904.0,114.0,80.0,158.0,49.0,62.0,9.0,45.0,9.0,10.0,16.0,18.0,22.0,20.0,60.0,125.0,76.33,57.87,39.86,29.26,18.64,24.65,17.73,49.98
Eswatini,,,,,,,,27.0,19.0,16.0,30.02,146.0,96.0,136.0,202.0,139.0,56.0,39.0,39.0,39.0,39.0,39.0,39.0,1.0,0.85,3.18,2.6,0.05,0.04,0.14,0.11,0.97
Ethiopia,,,,,335.0,155.0,310.0,130.0,406.0,35.0,700.0,200.0,399.0,2193.0,1754.0,1257.0,743.0,959.0,528.0,476.0,484.0,705.0,318.0,400.0,1388.81,1025.86,2195.79,2088.46,1082.67,1232.02,2125.02,1289.84
Ethiopia PDR,10.0,0.0,0.0,,,,,,,,,,,,,,,,,,,,,,,,,,,,,
Faroe Islands,,,,,,,,,,,,,,,,,,,,,,,,,,0.06,,,0.02,,0.01,0.04
Fiji,40.0,19.0,29.0,23.0,21.0,20.0,16.0,18.0,20.0,20.0,15.0,22.0,22.0,9.0,20.0,23.0,9.0,36.0,43.0,37.0,84.0,12.0,7.0,56.0,80.91,55.42,70.14,72.49,79.51,113.54,80.81,68.53
Finland,9.0,12.0,33.0,89.0,257.0,328.0,684.0,712.0,216.0,207.0,344.0,290.0,169.0,150.0,212.0,198.0,223.0,228.0,181.0,172.0,184.0,163.0,186.0,183.0,175.28,62.8,68.24,31.81,20.18,32.03,72.89,98.58
France,1284.0,1123.0,1100.0,1072.0,2151.0,2829.0,2734.0,2226.0,2751.0,3107.0,3939.0,3491.0,3835.0,3714.0,3131.0,4485.0,2752.0,2636.0,3527.0,3633.0,3980.0,3141.0,3140.0,3769.0,3962.86,4156.76,3833.24,3446.47,3177.96,3077.5,3403.61,3744.17
French Polynesia,,,,,,,,,,,,0.0,0.0,1.0,0.0,1.0,1.0,1.0,2.0,1.0,1.0,0.0,1.0,1.0,1.85,1.05,1.62,0.95,0.86,0.79,0.27,0.1
Gabon,,,,,,,,0.0,,,3.0,,,,18.0,19.0,0.0,0.0,0.0,0.0,0.0,0.0,0.0,0.0,0.0,0.1,,,0.13,2.48,0.05,0.0
Gambia,,,,,,28.0,28.0,28.0,28.0,32.0,6.0,1.0,0.0,1.0,15.0,0.0,5.0,0.0,0.0,670.0,36.0,571.0,604.0,420.0,292.27,97.42,253.01,314.29,2.5,8.04,,
Georgia,,,,28503.0,5100.0,5000.0,16100.0,15048.0,10100.0,14190.29,9639.0,9621.0,8944.0,8471.0,7191.0,6017.0,3818.0,2303.0,2213.0,2466.0,1492.0,2325.0,2297.0,1928.0,1913.18,1708.06,1567.24,2270.49,2058.06,2099.27,2374.17,2439.95
Germany,8779.0,7208.0,7130.0,11769.0,12891.0,13109.0,13555.0,16633.0,16329.0,14802.0,17012.0,17272.0,18274.0,18755.0,21646.0,22090.0,25310.0,24037.0,26994.0,25301.0,25939.0,28665.0,27059.0,26948.0,27162.74,25391.95,25697.02,25577.94,23106.21,22728.5,22110.96,22201.2
Ghana,,,,,,,5.0,0.0,4.0,4.0,2.07,10.0,410.0,37.0,32.0,35.0,76.0,233.0,93.0,72.0,0.0,89.0,23.0,372.0,719.97,100.43,3.35,68.51,31.27,8.95,28.42,48.09
Greece,36.0,8.0,121.0,240.0,91.0,39.0,35.0,26.0,64.0,44.0,18.0,127.0,84.0,80.0,23.0,30.0,20.0,25.0,19.0,38.0,70.0,68.0,51.0,49.0,47.07,62.3,96.38,127.78,302.63,463.65,168.82,117.9
Grenada,,,,,,,,,,,,,0.0,0.0,0.0,0.0,0.0,0.0,0.0,0.0,0.0,0.0,0.0,0.0,0.0,0.0,0.03,0.01,0.5,0.13,0.03,0.12
Guatemala,24.0,45.0,54.0,270.0,230.0,105.0,135.0,141.0,91.0,167.82,63.1,109.0,62.0,47.0,97.0,97.0,232.0,350.0,254.0,252.0,182.0,132.0,145.0,155.0,158.28,130.54,164.59,140.96,136.39,161.96,158.7,168.63
Guinea,,,,,,,,,,,,,,,,,,,,,,,,,,4.0,,2.54,11.52,5.83,0.74,0.51
Guinea-Bissau,,,,,,,,,,,,,,,,,,,,,,,,,2.73,0.17,0.05,0.1,0.05,1.04,,
Guyana,,,,,,,,,,,1.0,2.0,1.0,1.0,2.0,0.0,3.0,0.0,6.0,49.0,18.0,102.0,17.0,17.0,99.06,52.16,14.91,2.77,2.75,2.86,1.73,0.38
Haiti,,,,,,,,,,,,,,,,,,,,,,,,,0.13,2.96,0.2,0.12,0.15,0.06,1.22,1.37
Honduras,0.0,0.0,14.0,0.0,0.0,0.0,0.0,0.0,94.0,124.0,14.0,0.0,1.0,0.0,0.0,1.0,1.0,0.0,0.0,0.0,0.0,0.0,0.0,0.0,0.82,,3.4,17.05,5.64,0.12,1.13,0.6
Hungary,184.0,70.0,189.0,166.0,686.0,434.0,485.0,379.0,474.0,349.0,515.8,669.0,768.0,985.0,1004.0,1166.0,1473.0,1678.0,1662.0,1326.0,1367.0,1955.0,1396.0,1074.0,1087.37,47.59,37.69,48.66,42.91,41.23,45.6,62.34
Iceland,,,,,,,,,,,,,,0.0,0.0,0.0,0.0,0.0,0.0,0.0,0.0,0.0,0.0,0.0,0.31,0.13,0.35,0.06,0.43,0.72,1.07,1.43
India,198136.0,215144.0,166359.0,153159.0,150874.0,158333.0,138360.0,191472.0,201798.0,177506.89,200868.0,177603.0,181617.0,174246.0,174728.0,159121.0,181326.0,193459.0,203207.0,203863.0,234560.0,322548.0,225082.0,254841.0,212605.58,235132.43,230456.01,261419.3,262423.09,258050.56,210486.32,197239.78
Indonesia,110959.0,110207.0,121243.0,123925.0,84916.0,79227.0,101532.0,66843.0,67219.0,97847.0,105581.46,99797.0,100185.0,88176.0,98572.0,102294.0,95339.0,83659.0,96210.0,92304.0,87101.0,75450.0,70071.0,70842.0,66398.88,61915.3,51317.47,51357.17,49029.79,42490.72,45264.86,42639.94
Iran (Islamic Republic of),350.0,0.0,0.0,0.0,1038.0,0.0,0.0,7708.0,7731.0,18331.0,21236.69,10004.0,8233.0,7402.0,9491.0,12756.0,33548.0,77028.0,24084.0,10772.0,24611.0,22429.0,11208.0,14620.0,35613.36,7967.58,14786.66,14658.32,16326.68,10000.0,12000.0,9806.74
Iraq,,,,,,,,,,,,,,,,,,,,,,,,,,,,51.0,0.0,4.83,3.59,30.26
Ireland,1406.0,1508.0,713.0,252.0,172.0,125.0,377.0,371.0,1159.0,789.0,440.0,577.0,590.0,646.0,398.0,522.0,362.0,433.0,473.0,349.0,876.0,1278.0,1127.0,731.0,652.8,589.14,723.37,861.23,745.0,767.59,795.86,1165.49
Israel,10.0,5.0,100.0,75.0,75.0,70.0,25.0,25.0,25.0,40.0,155.11,97.0,49.0,120.0,323.0,273.0,340.0,296.0,242.0,136.0,204.0,148.0,118.0,148.0,155.03,115.25,157.79,86.55,117.98,149.54,157.31,140.8
Italy,596.0,574.0,419.0,174.0,249.0,243.0,269.0,156.0,224.0,816.0,763.0,675.0,712.0,786.0,862.0,971.0,1704.0,1059.0,1018.0,875.0,1223.0,1297.0,1100.0,623.0,1015.67,1075.04,1648.1,776.95,1228.9,1522.77,810.46,697.49
Jamaica,25.0,14.0,0.0,0.0,0.0,0.0,0.0,0.0,0.0,22.0,0.0,38.0,75.0,168.0,23.0,20.0,127.0,53.0,60.0,102.0,180.0,106.0,263.0,360.0,388.42,197.71,192.73,275.37,308.8,281.32,356.31,370.07
Japan,322.0,289.0,290.0,328.0,345.0,494.0,495.0,580.0,752.0,828.0,704.14,625.0,806.0,845.0,923.0,1145.0,1681.0,1769.0,1767.0,1984.0,2287.0,2420.0,2408.0,3048.0,3594.33,4262.92,4251.01,4744.89,5221.82,5192.11,5340.13,6297.01
Jordan,215.0,1455.0,425.0,79.0,478.0,222.0,236.0,103.0,96.0,284.0,165.85,159.0,150.0,273.0,212.0,89.0,72.0,83.0,421.0,610.0,131.0,577.0,378.0,332.0,440.61,1076.9,2500.82,2623.2,3340.5,3202.67,2959.99,4263.16
Kazakhstan,,,,,,438.0,235.0,85.0,4.0,195.0,150.0,74.0,259.0,109.0,127.0,218.0,270.0,258.0,733.0,426.0,269.0,761.0,1382.0,1527.0,1521.24,1687.03,1927.52,1863.42,2958.25,2616.16,4171.16,5653.62
Kenya,166405.0,175625.0,172053.0,199379.0,176962.0,258564.0,261813.0,199224.0,263685.0,245716.0,217281.73,207244.0,288300.0,293751.0,284309.0,347971.0,325066.0,374329.0,396641.0,331594.0,417661.0,306678.0,234181.0,448809.0,296135.56,298556.85,481076.12,467024.31,500591.48,475996.84,575509.41,556551.86
Kiribati,,,,,,,,,,,,,,,,,,,,,,,,,,,,,,3.22,,2.72
Kuwait,113.0,401.0,53.0,67.0,168.0,411.0,250.0,589.0,507.0,580.0,454.0,556.0,66.0,1.0,15.0,6.0,21.0,39.0,39.0,775.0,4.0,1.0,1.0,1169.0,970.05,516.89,423.02,721.12,647.27,42.79,527.59,8.12
Kyrgyzstan,,,,,,,304.0,953.0,1088.0,221.0,290.0,261.0,915.0,968.0,1005.0,376.0,362.4,203.1,259.2,236.5,223.0,401.0,475.0,99.0,19.34,200.09,167.5,273.77,308.11,246.92,364.46,85.55
Lao People's Democratic Republic,,,,,,,,,,,,,,,,,,,,,,,,,100.51,61.95,66.91,73.3,93.93,2367.67,1875.95,2972.45
Latvia,,,,88.0,100.0,41.0,46.0,25.0,87.0,75.0,31.0,42.0,19.0,28.0,35.0,45.0,56.0,150.0,127.0,216.0,1211.0,1046.0,919.0,768.0,384.49,525.82,518.89,305.53,407.71,325.55,297.68,313.2
Lebanon,0.0,0.0,0.0,0.0,0.0,0.0,0.0,53.0,61.0,65.0,87.0,53.0,75.0,92.0,92.0,73.0,81.0,439.0,170.0,277.0,277.0,301.0,256.0,345.0,357.75,273.55,306.99,271.81,713.01,503.92,227.58,76.87
Lesotho,,,,,,,,,,,,,,,,,,,,,,,,,1.32,0.26,0.05,2.0,1.18,138.64,110.39,0.04
Liberia,0.0,0.0,0.0,195.0,10.0,0.0,0.0,0.0,0.0,0.0,0.0,0.0,24.0,7.0,53.0,800.0,1625.0,2411.0,0.0,0.0,0.0,0.0,0.0,1.0,16.2,0.32,,0.17,0.77,104.77,0.16,0.02
Libya,0.0,0.0,0.0,0.0,0.0,0.0,0.0,0.0,73.0,10.0,18.0,18.0,0.0,0.0,0.0,0.0,0.0,0.0,0.0,0.0,10.0,0.0,0.0,3.0,352.3,0.07,449.9,449.9,,,0.0,0.03
Lithuania,,,,,237.0,310.0,474.0,421.0,675.0,355.0,240.0,255.0,231.0,187.0,141.0,133.0,172.0,212.0,251.0,311.0,488.0,382.0,416.0,461.0,541.57,911.75,432.86,419.83,362.48,393.59,366.39,300.44
Luxembourg,,,,,,,,,,,7.0,39.0,46.0,50.0,20.0,19.0,10.0,5.0,3.0,4.0,5.0,4.0,5.0,8.0,11.86,8.52,13.98,14.07,15.89,6.61,8.81,21.61
Madagascar,17.0,182.0,208.0,296.0,196.0,151.0,160.0,228.0,210.0,354.0,390.77,387.0,408.0,436.0,314.0,233.0,282.0,321.0,178.0,232.0,201.0,247.0,163.0,160.0,80.41,51.46,94.71,60.58,24.02,1.53,80.69,22.23
Malawi,41014.0,37047.0,37056.0,35264.0,35138.0,32387.0,32400.0,39824.0,40518.0,30000.0,42400.0,36587.0,42596.0,36924.0,46200.0,44600.0,27503.0,54397.0,30435.0,47356.0,49999.0,46007.0,34679.0,43245.0,40000.0,38785.33,43655.67,41272.71,47624.87,46943.77,46922.55,36798.08
Malaysia,437.0,260.0,286.0,272.0,378.0,293.0,492.0,350.0,348.0,455.0,648.0,1208.0,2231.0,1631.0,998.0,1483.0,1091.0,1143.0,1609.0,2856.0,2286.0,2503.0,2093.0,2297.0,2318.03,1877.32,2414.54,2875.58,3999.03,4644.43,5884.88,6279.19
Maldives,,,,,,,,,,,,,,,,,,,,,,,,,,,,,,,0.0,0.0
Mali,0.0,0.0,0.0,0.0,0.0,0.0,12.0,0.0,0.0,0.0,0.0,150.0,79.0,21.0,0.0,4.0,143.0,167.0,41.0,69.0,69.0,558.0,17.0,191.0,536.56,66.31,1309.96,2029.78,234.0,420.51,18.53,9.24
Malta,0.0,0.0,11.0,5.0,3.0,0.0,0.0,0.0,11.0,3.0,2.0,1.0,4.0,2.0,0.0,0.0,0.0,0.0,5.0,0.0,0.0,1.0,1.0,0.0,,,0.01,0.18,0.13,0.31,0.07,0.03
Mauritania,,,,,,,,,,,,13.0,13.0,11.0,0.0,350.0,2487.0,762.0,762.0,762.0,0.0,0.0,0.0,0.0,,11.46,,,0.01,,23.5,
Mauritius,4271.0,4494.0,5473.0,4345.0,4029.0,2898.0,1397.0,418.0,220.0,46.0,39.67,39.0,40.0,52.0,51.0,53.0,41.0,46.0,41.0,39.0,0.0,33.0,36.0,67.0,51.86,40.67,41.16,47.01,32.68,34.07,46.98,53.23
Mexico,324.0,2.0,37.0,83.0,198.0,130.0,191.0,172.0,259.0,332.0,209.59,332.0,141.0,239.0,187.0,406.0,203.0,141.0,108.0,245.0,240.0,283.0,188.0,103.0,40.64,48.86,35.1,55.15,63.38,57.46,101.15,51.92
Mongolia,,,,,,,,,,0.0,,16.0,0.0,0.0,2.0,67.0,1.0,1.0,0.0,0.0,0.0,0.0,0.0,5.0,4.6,,7.14,10.62,17.41,6.34,3.29,2.32
Montenegro,,,,,,,,,,,,,,,,,65.0,41.0,91.0,13.0,18.0,13.0,20.0,12.0,19.33,13.83,13.62,12.72,6.3,11.03,20.94,0.04
Morocco,1.0,2.0,2.0,7.0,2.0,92.0,32.0,8.0,20.0,40.0,162.0,162.0,181.0,196.0,179.0,321.0,293.0,290.0,455.0,484.0,645.0,546.0,521.0,439.0,691.3,824.64,1021.82,905.94,4288.74,1903.55,1638.11,1350.75
Mozambique,700.0,1339.0,600.0,100.0,360.0,300.0,230.0,230.0,230.0,130.0,132.0,950.0,2424.0,937.0,586.0,317.0,505.0,1518.0,1174.0,1332.0,1759.0,1324.0,2501.0,3011.0,4083.9,465.83,3142.02,3451.97,4483.28,3455.47,3204.44,3644.25
Myanmar,0.0,97.0,0.0,0.0,0.0,0.0,0.0,0.0,0.0,0.0,0.0,0.0,307.0,548.0,392.0,612.0,508.0,688.0,412.0,729.0,579.0,814.0,1872.0,1629.0,883.0,800.69,1270.55,3741.55,3776.63,3011.02,3401.66,3953.71
Namibia,,,,,,,,12.0,45.0,40.0,9.0,7.0,25.0,15.0,46.0,32.0,35.0,36.0,10.0,0.0,90.0,0.0,32.0,35.0,66.9,233.74,8.66,11.92,1.32,0.81,0.39,0.41
Nepal,23.0,9.0,21.0,19.0,25.0,72.0,73.0,81.0,35.0,119.0,82.0,70.0,80.0,2160.0,3740.0,5406.0,3881.0,9697.0,9762.0,9196.0,8498.0,8854.0,9893.0,10206.0,9942.76,11001.89,13324.78,12940.83,17695.15,10659.65,13498.79,9441.44
Netherlands,14755.0,15252.0,18701.0,14965.0,10061.0,11963.0,9715.0,10145.0,9991.0,10155.0,9357.0,9745.0,11688.0,10970.0,12649.0,16581.0,17350.0,17561.0,18834.0,18158.0,17628.0,10059.0,15024.0,16420.0,16589.92,16792.28,17465.28,17151.07,13053.53,12303.76,14337.66,15534.94
New Caledonia,,,,,,,,,,,,,,,,,0.0,0.0,0.0,0.0,0.0,0.0,0.0,0.0,0.12,0.17,0.02,,,0.04,,0.0
New Zealand,30.0,42.0,82.0,116.0,122.0,109.0,90.0,108.0,100.0,136.0,102.88,65.0,50.0,46.0,56.0,133.0,92.0,101.0,96.0,86.0,332.0,59.0,93.0,175.0,167.97,111.97,146.54,111.74,79.44,74.29,104.52,388.61
Nicaragua,,,,,,,,,,,0.15,0.0,0.0,3.0,2.0,0.0,0.0,0.0,0.0,0.0,0.0,0.0,0.0,0.0,,,,1.04,0.28,,2.27,
Niger,0.0,0.0,0.0,0.0,0.0,178.0,0.08,32.0,86.0,30.0,291.0,61.0,82.0,56.0,162.0,1260.0,571.0,493.0,851.0,851.0,1041.0,943.0,1177.0,1853.0,2601.18,3375.69,4198.91,4813.0,3287.0,2760.0,1693.82,1414.0
Nigeria,34.0,1.0,81.0,0.0,0.0,64.0,80.0,40.0,60.0,60.0,0.0,550.0,998.0,180.0,145.0,48.0,94.0,85.0,18.0,94.0,33.0,30.0,9.0,28.0,22.6,12.32,71.03,153.75,341.96,597.89,479.37,42.17
North Macedonia,,,196.0,80.0,14.0,21.0,2.0,30.0,170.0,99.0,5.0,19.0,8.0,6.0,7.0,25.0,13.0,22.0,11.0,15.0,5.0,2.0,5.0,6.0,6.21,11.11,4.74,6.53,2.86,1.69,17.54,39.86
Norway,9.0,6.0,16.0,12.0,32.0,29.0,26.0,15.0,10.0,9.0,22.88,7.0,25.0,10.0,11.0,10.0,21.0,9.0,5.0,7.0,15.0,11.0,7.0,13.0,23.41,25.84,20.95,28.63,15.9,10.86,6.99,10.7
Oman,164.0,77.0,118.0,292.0,320.0,361.0,345.0,804.0,1116.0,575.0,411.0,375.0,1961.0,1997.0,1261.0,2334.0,2778.0,2778.0,3115.0,9430.0,712.0,1840.0,1403.0,2128.0,466.89,1929.37,1418.63,3836.63,1910.84,310.43,270.87,4538.86
Pakistan,1074.0,0.0,51.0,85.0,1510.0,7633.0,9.0,0.0,43.0,43.0,14.55,24.0,5.0,39.0,138.0,162.0,232.0,247.0,568.0,933.0,1244.0,1179.0,2756.0,3190.0,2990.02,1381.91,1457.63,1588.57,5154.63,5181.06,3169.33,5421.15
Palestine,,,,,,30.0,57.0,30.0,13.0,29.0,57.0,81.0,92.0,100.0,35.0,45.0,110.0,45.0,0.0,0.0,0.0,0.0,0.0,0.0,,,,,,,,5.08
Panama,101.0,82.0,92.0,106.0,73.0,90.0,76.0,89.0,78.0,71.0,73.55,23.0,0.0,0.0,0.0,0.0,0.0,0.0,0.0,0.0,0.0,0.0,0.0,0.0,0.25,3.12,1.13,119.99,12.77,17.16,22.01,
Papua New Guinea,5408.0,3747.0,5638.0,6441.0,3400.0,4200.0,9300.0,6500.0,6600.0,8200.0,8500.0,8800.0,5200.0,6600.0,8100.0,6900.0,6600.0,6400.0,5937.0,6250.0,4581.0,4224.0,3737.0,2943.0,1932.51,1303.0,896.0,938.0,711.0,345.0,305.07,268.51
Paraguay,,,,,8.0,0.0,11.0,7.0,11.0,16.0,3.0,14.0,3.0,16.0,41.0,46.0,90.0,175.0,199.0,211.0,72.0,118.0,0.0,0.0,34.89,47.23,35.01,9.75,1.23,1.27,1.38,1.15
Peru,93.0,196.0,229.0,391.0,206.0,107.0,50.0,95.0,40.0,30.0,10.61,48.0,42.0,8.0,12.0,7.0,3.0,2.0,3.0,3.0,89.0,5.0,6.0,15.0,7.25,8.67,21.66,27.84,31.81,28.5,81.78,434.83
Philippines,0.0,0.0,0.0,0.0,0.0,0.0,1.0,0.0,0.0,0.0,0.05,23.0,0.0,0.0,5.0,423.0,0.0,332.0,163.0,14.0,365.0,144.0,21.0,10.0,12.1,9.6,0.53,24.2,2.37,11.72,40.13,25.87
Poland,0.0,0.0,3197.0,3243.0,2287.0,1407.0,1603.0,2221.0,3399.0,2701.0,2899.73,2555.0,3199.0,3526.0,4887.0,5534.0,4772.0,5690.0,7002.0,8609.0,10008.0,14151.0,16896.0,19180.0,21638.77,19676.36,19686.47,20109.17,19068.81,22891.87,24261.88,21817.25
Portugal,16.0,44.0,8.0,6.0,20.0,7.0,6.0,22.0,36.0,40.0,28.0,27.0,51.0,29.0,44.0,30.0,62.0,66.0,72.0,86.0,106.0,129.0,146.0,135.0,195.21,228.46,198.96,177.66,241.63,169.99,120.99,131.75
Qatar,98.0,71.0,76.0,54.0,62.0,157.0,157.0,157.0,157.0,157.0,27.0,0.0,108.0,46.0,17.0,14.0,17.0,34.0,11.0,29.0,3.0,2.0,1.0,1.0,78.21,33.94,14.17,1.32,20.37,12.14,,8.47
Republic of Korea,248.0,230.0,257.0,247.0,359.0,366.0,252.0,274.0,228.0,390.0,371.5,867.0,1380.0,1612.0,2046.0,1481.0,1541.0,814.0,637.0,1204.0,711.0,507.0,569.0,558.0,452.48,286.82,375.13,512.49,354.58,363.2,500.06,516.07
Republic of Moldova,,,7.0,,14.0,47.0,43.0,37.0,,6.0,0.0,5.0,44.0,44.0,24.0,31.0,52.0,128.0,43.0,34.0,20.0,6.0,0.0,9.0,22.96,91.89,104.54,133.94,151.75,95.62,52.83,36.55
Romania,0.0,2.0,8.0,4.0,10.0,4.0,15.0,18.0,12.0,82.0,39.0,18.0,25.0,58.0,73.0,68.0,541.0,264.0,297.0,689.0,106.0,100.0,69.0,69.0,57.04,120.24,154.88,237.9,235.18,171.32,148.08,67.84
Russian Federation,,,174.0,191.0,8361.0,6842.0,7451.0,9832.0,6756.0,1997.0,2112.62,907.0,1766.0,2959.0,5817.0,6686.0,8525.0,10298.0,11464.0,9713.0,9170.0,7309.0,12538.0,13578.0,12307.57,12517.3,14767.45,16862.81,18852.23,19850.91,20537.55,21852.8
Rwanda,11759.0,13297.0,13486.0,11594.0,5000.0,2500.0,3107.0,13249.0,15042.0,11886.0,11814.0,17900.0,14658.0,15170.0,1102.0,16661.0,16849.0,20056.0,20042.0,20624.0,22143.0,21011.0,23010.0,22344.0,24031.86,25626.45,25415.9,26242.79,30945.79,31157.34,37033.0,38867.15
Saint Kitts and Nevis,,,,,,,,,,,,,,,,,,,,,,,,,0.55,,,,0.94,1.06,2.99,0.27
Saint Lucia,,,,,,,,,,,,0.0,4.0,0.0,1.0,1.0,1.0,1.0,0.0,0.0,0.0,0.0,0.0,0.0,2.22,0.03,2.12,2.28,1.53,2.03,0.53,0.25
Saint Vincent and the Grenadines,,,,,,,,,,,,,,,,,,,1.0,0.0,0.0,0.0,0.0,0.0,,0.06,0.0,,,0.0,,0.0
Samoa,,,,,,,,,,,,,,,,,,,,,,,,,,0.01,,0.0,1.29,0.07,,2.06
Sao Tome and Principe,,,,,,,,,,,,,,,,,,,,,,,,,,0.01,0.01,0.0,,0.0,0.01,
Saudi Arabia,340.0,194.0,54.0,94.0,198.0,68.0,194.0,182.0,534.0,120.0,186.86,146.0,366.0,551.0,933.0,1002.0,1179.0,1411.0,675.0,675.0,2232.0,2330.0,1746.0,1184.0,1889.0,1716.12,1667.98,1958.67,2048.64,1247.42,1827.71,1747.77
Senegal,1029.0,0.0,0.0,0.0,0.0,0.0,0.0,0.0,0.0,1.0,3.74,0.0,2.0,67.0,215.0,12.0,13.0,102.0,60.0,1.0,26.0,13.0,247.0,1353.0,2667.38,2144.18,434.3,1121.4,2742.05,1071.9,1246.89,1239.05
Serbia,,,,,,,,,,,,,,,,,53.0,91.0,44.0,45.0,48.0,54.0,42.0,52.0,45.07,38.66,75.42,58.01,72.92,45.5,51.9,50.68
Serbia and Montenegro,,,0.0,0.0,0.0,0.0,38.0,21.0,3.0,5.0,40.0,44.0,34.0,5.0,48.0,26.0,,,,,,,,,,,,,,,,
Seychelles,0.0,1.0,0.0,1.0,2.0,1.0,1.0,1.0,1.0,1.0,0.0,0.0,0.0,0.0,0.0,0.0,0.0,2.0,2.0,2.0,0.0,0.0,0.0,0.0,,0.88,,0.02,,0.0,,0.0
Sierra Leone,,,,,,,,,,,,,,,,,,,,,,,,,16.51,15.0,14.41,13.16,10.0,172.32,31.75,34.24
Singapore,10882.0,9760.0,6849.0,11230.0,8913.0,6791.0,6562.0,5247.0,5009.0,4660.0,5255.74,3592.0,3993.0,2439.0,1570.0,2078.0,1715.0,1371.0,1233.0,1397.0,1085.0,1677.0,1346.0,1404.0,1386.62,1797.73,2380.12,2004.46,2449.07,2180.91,2438.51,1568.04
Slovakia,,,,61.0,79.0,171.0,146.0,88.0,61.0,70.0,95.0,162.0,186.0,214.0,324.0,295.0,271.0,157.0,168.0,184.0,140.0,317.0,398.0,270.0,48.95,113.14,35.04,51.57,72.26,21.75,27.71,49.95
Slovenia,,,23.0,22.0,27.0,79.0,16.0,8.0,6.0,107.0,95.06,7.0,7.0,18.0,22.0,30.0,78.0,73.0,91.0,83.0,20.0,9.0,11.0,19.0,31.09,18.72,39.44,32.14,34.63,36.45,44.89,42.73
Solomon Islands,,,,,,,,,,,,,,,,,,,,,,,0.0,0.0,,,,,,,,
Somalia,0.0,0.0,0.0,0.0,0.0,0.0,0.0,0.0,0.0,0.0,0.0,0.0,0.0,1.0,27.0,16.0,0.0,321.0,0.0,0.0,18.0,18.0,0.0,0.0,0.19,0.01,,0.02,0.81,0.15,0.01,
South Africa,882.0,1050.0,994.0,1100.0,802.0,1338.0,1043.0,1024.0,2752.0,4813.0,10111.02,6450.0,10922.0,7617.0,5701.0,2231.0,3505.0,5137.0,9284.0,5431.0,4346.0,2542.0,2798.0,7987.0,7130.42,6118.48,5136.44,5374.52,5973.64,5269.75,5111.81,4436.83
South Sudan,,,,,,,,,,,,,,,,,,,,,,,0.0,0.0,,,0.32,,,0.14,0.22,0.28
Spain,36.0,71.0,274.0,8.0,40.0,82.0,22.0,42.0,64.0,74.0,150.0,147.0,114.0,230.0,272.0,350.0,266.0,226.0,352.0,320.0,633.0,619.0,1194.0,1144.0,1328.95,1144.88,913.96,1230.56,1411.45,1205.71,1093.86,1371.62
Sri Lanka,216033.0,212017.0,181259.0,134742.0,115097.0,178005.0,218714.0,267726.0,270938.0,268330.0,287005.37,293524.0,290500.0,297003.0,298909.0,307793.0,204240.0,190203.0,318329.0,288528.0,312908.0,321074.0,318396.0,317710.0,325140.69,304835.24,286760.23,286862.97,164709.0,289585.94,285086.66,282986.07
Sudan,,,,,,,,,,,,,,,,,,,,,,,6.0,2.0,16.56,0.05,,11.0,0.21,0.35,18.3,394.95
Sudan (former),,,,,,,,,,,,,101.0,5.0,21.0,0.0,0.0,0.0,0.0,20.0,2.0,2.0,,,,,,,,,,
Suriname,,,,,,,,,,,,,,,,,,,,,0.0,0.0,0.0,16.0,1.8,7.31,112.35,,,,,11.15
Sweden,68.0,50.0,161.0,130.0,246.0,586.0,579.0,644.0,683.0,782.0,1137.0,1040.0,835.0,839.0,881.0,843.0,1406.0,869.0,941.0,911.0,851.0,723.0,498.0,414.0,379.17,363.87,401.1,370.12,484.0,443.43,338.75,375.46
Switzerland,1061.0,1478.0,1719.0,1818.0,1774.0,1585.0,1632.0,1847.0,1858.0,1829.0,1775.86,1927.0,2332.0,1958.0,1928.0,2432.0,1276.0,723.0,1703.0,1375.0,1928.0,2677.0,2830.0,4075.0,4160.26,4125.05,4252.08,4621.82,4870.76,5436.55,5909.45,6294.04
Syrian Arab Republic,0.0,0.0,0.0,0.0,0.0,0.0,0.0,0.0,0.0,0.0,0.0,0.0,0.0,113.0,0.0,11.0,1520.0,1056.0,188.0,109.0,109.0,72.0,27.0,43.0,16.58,33.03,74.6,152.57,111.38,86.97,74.51,106.18
Tajikistan,,,,,,,2.0,,,,,15.0,0.0,15.0,0.0,100.0,100.0,100.0,171.0,170.0,2.0,0.0,0.0,0.0,0.0,,58.52,20.94,0.04,40.57,24.57,
Thailand,284.0,260.0,216.0,151.0,233.0,269.0,184.0,218.0,228.0,429.0,587.0,1249.0,1705.0,1072.0,814.0,1249.0,1472.0,2720.0,2365.0,2958.0,2381.0,1214.0,1428.0,1638.0,1638.47,1840.01,1824.91,2709.12,2742.84,3471.23,2850.51,3481.73
Timor-Leste,,,,,,,,,,,,,,,,,,,,,,,,,,,,0.22,,,0.18,
Togo,7.0,43.0,0.0,0.0,2.0,0.0,0.0,0.0,4.0,0.0,0.0,0.0,0.0,4.0,3.0,1.0,41.0,3.0,266.0,18.0,4.0,92.0,106.0,141.0,82.57,66.31,33.12,31.84,95.97,90.13,51.33,11.95
Tonga,,,,,,,,,,,0.0,,,,,,,,,,,,0.0,0.0,0.01,,,,,,,
Trinidad and Tobago,1.0,10.0,11.0,1.0,0.0,1.0,2.0,3.0,3.0,8.0,7.02,22.0,49.0,89.0,117.0,55.0,46.0,58.0,47.0,33.0,34.0,51.0,31.0,31.0,120.38,96.78,58.21,52.93,73.31,56.59,177.21,49.9
Tunisia,0.0,0.0,0.0,0.0,92.0,132.0,8.0,52.0,21.0,2.0,4.0,9.0,6.0,21.0,22.0,15.0,6.0,8.0,8.0,7.0,17.0,18.0,15.0,27.0,21.3,2.88,2.22,1.3,0.2,0.33,0.71,0.11
Turkmenistan,,,,,,27.0,,,0.0,100.0,150.0,25.0,0.0,0.0,0.0,0.0,0.0,0.0,0.0,0.0,0.0,0.0,0.0,0.0,20.41,,,0.15,20.0,39.99,25.06,
Tuvalu,,,,,,,,,,,,,,,,,,,,,,,,,,,,,,,,0.31
Türkiye,27654.0,2314.0,5048.0,39602.0,5201.0,2302.0,4011.0,19103.0,17526.0,4522.0,6381.11,4817.0,4852.0,6711.0,5929.0,5769.0,2674.0,3330.0,3191.0,2135.0,2191.0,2242.0,3161.0,4853.0,4630.89,5489.86,6116.87,5177.29,3556.34,4362.28,4918.36,5814.62
USSR,6915.0,0.0,,,,,,,,,,,,,,,,,,,,,,,,,,,,,,
Uganda,4760.0,7018.0,7816.0,10175.0,0.0,0.0,0.0,17341.69,22893.0,22102.0,26388.0,18220.0,30379.0,8071.0,36856.0,36532.0,30584.0,44015.0,46022.0,44446.0,55079.0,55650.0,55210.0,62018.0,59687.05,53318.75,56286.42,59206.67,70101.14,69095.16,72454.47,18064.0
United Arab Emirates,6510.0,11528.0,8634.0,3712.0,22816.0,21236.0,20109.0,3500.0,4000.0,6000.0,12400.0,17400.0,27212.0,18973.0,14738.0,38717.0,27411.0,37218.0,45872.0,23681.0,49819.0,24761.0,31040.0,45001.0,71341.76,30300.6,31877.55,54612.66,67492.23,65798.9,57720.38,59510.0
United Kingdom of Great Britain and Northern Ireland,36045.0,32092.0,30950.0,46673.0,34205.0,33138.0,33187.0,31218.0,29564.0,29509.0,22501.0,27282.0,29888.0,37319.0,28528.0,25163.0,25905.0,25353.0,27652.0,27741.0,30676.0,26436.0,21258.0,22370.0,20744.48,20094.67,18706.5,18862.85,18107.34,19153.63,19087.42,16463.31
United Republic of Tanzania,14902.0,17549.0,20400.0,19800.0,21670.0,21600.0,22020.0,19324.0,21399.97,22126.0,22797.0,22981.0,24306.0,20887.0,24330.0,23259.0,24825.0,30506.0,28103.0,30438.0,26172.0,27114.0,27784.0,26372.0,27808.26,29293.4,26307.65,27547.83,26909.17,31655.48,24095.56,24239.03
United States of America,2558.0,2679.0,3070.0,3987.0,3487.0,3809.0,4075.0,5114.0,4595.0,6205.0,6087.94,5963.0,6352.0,7189.0,5876.0,5298.0,3899.0,8071.0,9091.0,8530.0,10835.0,11326.0,14196.0,13671.0,15387.86,16078.85,17717.67,18497.36,18275.16,17187.27,14261.69,15238.54
Uruguay,0.0,0.0,1.0,0.0,0.0,0.0,0.0,0.0,0.0,0.0,2.61,2.0,9.0,7.0,3.0,5.0,1.0,5.0,6.0,1.0,29.0,16.0,17.0,9.0,18.63,12.47,1.78,0.12,0.16,0.15,0.16,0.25
Uzbekistan,,,,,,,,,,,16.8,0.0,26.0,12.0,9.0,9.0,0.0,0.0,0.0,0.0,0.0,0.0,0.0,0.0,0.01,0.24,6.68,21.45,19.88,37.57,133.96,176.13
Vanuatu,,,,,,,,,,,,,,,,,,,,,5.0,0.0,0.0,0.0,,9.09,,,10.08,,0.0,
Venezuela (Bolivarian Republic of),1.0,0.0,0.0,0.0,1.0,0.0,1.0,1.0,0.0,0.0,1.0,0.0,0.0,0.0,0.0,0.0,0.0,0.0,0.0,0.0,0.0,0.0,0.0,0.0,0.02,0.01,0.13,1.03,,0.03,,3.17
Viet Nam,16076.0,7953.0,12967.0,21200.0,23500.0,18800.0,20800.0,32901.0,33000.0,36000.0,55600.0,67900.0,77000.0,58600.0,104000.0,88000.0,105000.0,114000.0,104700.0,133000.0,136515.0,133900.0,146898.0,90296.0,132252.09,125184.51,136361.71,146440.54,77234.0,134932.81,126448.69,82469.58
Yemen,0.0,0.0,0.0,0.0,0.0,0.0,0.0,0.0,0.0,0.0,23.0,7.0,62.0,245.0,676.0,927.0,902.0,1468.0,1935.0,2132.0,1672.0,2699.0,2710.0,3094.0,3478.99,1619.02,66.0,751.0,1093.0,1097.0,1372.39,1273.59
Yugoslav SFR,6.0,25.0,,,,,,,,,,,,,,,,,,,,,,,,,,,,,,
Zambia,1.0,333.0,38.0,0.0,0.0,46.0,46.0,166.0,108.0,1254.0,932.0,895.0,932.0,817.0,917.0,734.0,599.0,664.0,174.0,181.0,76.0,33.0,16.0,23.0,1.5,0.33,3.12,36.45,5.17,11.09,60.73,48.98
Zimbabwe,11507.0,11304.0,6088.0,8065.0,9688.0,9156.0,11540.0,13057.0,11076.0,15722.0,16915.62,6162.0,18855.0,13355.0,14968.0,4825.0,11532.0,6840.0,5979.0,7874.0,10023.0,11221.0,11540.0,11863.0,12789.9,13959.38,11083.11,13396.11,14228.65,14534.02,12137.9,11569.18
